event_id,event_type,utc,source,description,evidence_status
TYE-S001,server-session,2026-08-29T04:05:57.499000Z,PortalWars2-backup-2026.08.29-04.17.28.log,SERVER READY -> Browse -> server welcome; level /MAP_Simulation/SimulationDivide/SimulationDivide_Main; UDP/30566; overlaps TYE-CAP-03 filtered PCAP,observed
TYE-S002,server-session,2026-08-29T04:11:09.595000Z,PortalWars2-backup-2026.08.29-04.17.28.log,SERVER READY -> Browse -> server welcome; level /MAP_Simulation/SimulationMoshpit/SimulationMoshpit_Main; UDP/32276; overlaps TYE-CAP-03 filtered PCAP,observed
TYE-S003,server-session,2026-08-29T05:42:44.816000Z,PortalWars2-backup-2026.08.29-09.42.16.log,SERVER READY -> Browse -> server welcome; level /MAP_Eden/Eden_Main; UDP/30485; overlaps TYE-CAP-04 filtered PCAP,observed
TYE-S004,server-session,2026-08-29T05:50:41.855000Z,PortalWars2-backup-2026.08.29-09.42.16.log,SERVER READY -> Browse -> server welcome; level /MAP_Hammerhead/Hammerhead_Main; UDP/30064; overlaps TYE-CAP-04 filtered PCAP,observed
TYE-S005,server-session,2026-08-29T05:58:49.907000Z,PortalWars2-backup-2026.08.29-09.42.16.log,SERVER READY -> Browse -> server welcome; level /MAP_Foregone_Destruction/Maps/Foregone_Destruction; UDP/30070; overlaps TYE-CAP-04 filtered PCAP,observed
TYE-S006,server-session,2026-08-29T06:06:38.826000Z,PortalWars2-backup-2026.08.29-09.42.16.log,SERVER READY -> Browse -> server welcome; level /MAP_Ozone_Night/Ozone_Night_Main; UDP/32611; overlaps TYE-CAP-04 filtered PCAP,observed
TYE-S007,server-session,2026-08-29T06:18:49.442000Z,PortalWars2-backup-2026.08.29-09.42.16.log,SERVER READY -> Browse -> server welcome; level /MAP_Karman_Station/Karman_Station_Main; UDP/31931; overlaps TYE-CAP-04 filtered PCAP,observed
TYE-S008,server-session,2026-08-29T06:25:55.191000Z,PortalWars2-backup-2026.08.29-09.42.16.log,SERVER READY -> Browse -> server welcome; level /MAP_Oasis/Maps/Oasis_Main; UDP/30954; overlaps TYE-CAP-04 filtered PCAP,observed
TYE-S009,server-session,2026-08-29T06:33:18.553000Z,PortalWars2-backup-2026.08.29-09.42.16.log,SERVER READY -> Browse -> server welcome; level /MAP_Core/Core_Main; UDP/31485; overlaps TYE-CAP-04 filtered PCAP,observed
TYE-S010,server-session,2026-08-29T06:41:26.573000Z,PortalWars2-backup-2026.08.29-09.42.16.log,SERVER READY -> Browse -> server welcome; level /MAP_Containment/Containment_Main; UDP/32349; overlaps TYE-CAP-04 filtered PCAP,observed
TYE-S011,server-session,2026-08-29T07:04:39.049000Z,PortalWars2-backup-2026.08.29-09.42.16.log,SERVER READY -> Browse -> server welcome; level /MAP_TriHard/TriHard_Main; UDP/30265,observed
TYE-S012,server-session,2026-08-29T07:16:13.000000Z,PortalWars2-backup-2026.08.29-09.42.16.log,SERVER READY -> Browse -> server welcome; level /MAP_Zenith/Zenith_Main; UDP/31009,observed
TYE-S013,server-session,2026-08-29T07:27:32.921000Z,PortalWars2-backup-2026.08.29-09.42.16.log,SERVER READY -> Browse -> server welcome; level /MAP_Core/Core_Main; UDP/31292,observed
TYE-S014,server-session,2026-08-29T07:37:42.058000Z,PortalWars2-backup-2026.08.29-09.42.16.log,SERVER READY -> Browse -> server welcome; level /MAP_Stadium/StadiumV2_Main; UDP/31325,observed
TYE-S015,server-session,2026-08-29T07:47:58.902000Z,PortalWars2-backup-2026.08.29-09.42.16.log,SERVER READY -> Browse -> server welcome; level /MAP_Frontier/Frontier_Main; UDP/31601,observed
TYE-S016,server-session,2026-08-29T08:01:23.099000Z,PortalWars2-backup-2026.08.29-09.42.16.log,SERVER READY -> Browse -> server welcome; level /MAP_Ozone_Night/Ozone_Night_Main; UDP/30086,observed
TYE-S017,server-session,2026-08-29T08:09:37.571000Z,PortalWars2-backup-2026.08.29-09.42.16.log,SERVER READY -> Browse -> server welcome; level /MAP_Frontier/Frontier_Main; UDP/32072,observed
TYE-S018,server-session,2026-08-29T08:27:22.427000Z,PortalWars2-backup-2026.08.29-09.42.16.log,SERVER READY -> Browse -> server welcome; level /MAP_Core/Core_Main; UDP/31993,observed
TYE-S019,server-session,2026-08-29T08:48:42.105000Z,PortalWars2-backup-2026.08.29-09.42.16.log,SERVER READY -> Browse -> server welcome; level /MAP_Abyss/Maps/Abyss_Main; UDP/31243,observed
TYE-S020,server-session,2026-08-29T08:50:40.245000Z,PortalWars2-backup-2026.08.29-09.42.16.log,SERVER READY -> Browse -> server welcome; level /MAP_Simulation/SimulationCharlie/SimulationCharlie_Main; UDP/31738,observed
TYE-S021,server-session,2026-08-29T08:56:53.491000Z,PortalWars2-backup-2026.08.29-09.42.16.log,SERVER READY -> Browse -> server welcome; level /MAP_Simulation/SimulationCharlie/SimulationCharlie_Main; UDP/30546,observed
TYE-S022,server-session,2026-08-29T09:03:36.826000Z,PortalWars2-backup-2026.08.29-09.42.16.log,SERVER READY -> Browse -> server welcome; level /MAP_Simulation/SimulationCharlie/SimulationCharlie_Main; UDP/31432,observed
TYE-S023,server-session,2026-08-29T09:09:18.746000Z,PortalWars2-backup-2026.08.29-09.42.16.log,SERVER READY -> Browse -> server welcome; level /MAP_Simulation/SimulationCharlie/SimulationCharlie_Main; UDP/30357,observed
TYE-S024,server-session,2026-08-29T09:18:53.781000Z,PortalWars2-backup-2026.08.29-09.42.16.log,SERVER READY -> Browse -> server welcome; level /MAP_Simulation/SimulationDivide/SimulationDivide_Main; UDP/31455,observed
TYE-S025,server-session,2026-08-29T09:27:47.547000Z,PortalWars2-backup-2026.08.29-09.42.16.log,SERVER READY -> Browse -> server welcome; level /MAP_Stadium/StadiumV2_Main; UDP/30654,observed
TYE-S026,server-session,2026-08-29T09:33:10.737000Z,PortalWars2-backup-2026.08.29-09.42.16.log,SERVER READY -> Browse -> server welcome; level /MAP_Stadium/StadiumV2_Main; UDP/31164,observed
TYE-S027,server-session,2026-08-29T09:34:53.823000Z,PortalWars2-backup-2026.08.29-09.42.16.log,SERVER READY -> Browse -> server welcome; level /MAP_Stadium/StadiumV2_Main; UDP/31652,observed
TYE-S028,server-session,2026-08-30T01:41:11.773000Z,PortalWars2-backup-2026.08.30-02.05.20.log,SERVER READY -> Browse -> server welcome; level /MAP_Frontier/Frontier_Main; UDP/31034,observed
TYE-S029,server-session,2026-08-30T01:49:59.854000Z,PortalWars2-backup-2026.08.30-02.05.20.log,SERVER READY -> Browse -> server welcome; level /MAP_Creative_WetOcean/WetOcean_Main; UDP/32005,observed
TYE-S030,server-session,2026-08-30T04:36:32.479000Z,PortalWars2-backup-2026.08.30-05.59.50.log,SERVER READY -> Browse -> server welcome; level /MAP_Core/Core_Main; UDP/32124,observed
TYE-S031,server-session,2026-08-30T04:44:48.938000Z,PortalWars2-backup-2026.08.30-05.59.50.log,SERVER READY -> Browse -> server welcome; level /MAP_Core/Core_Main; UDP/32364,observed
TYE-S032,server-session,2026-08-30T04:53:58.488000Z,PortalWars2-backup-2026.08.30-05.59.50.log,SERVER READY -> Browse -> server welcome; level /MAP_Containment/Containment_Main; UDP/30777,observed
TYE-S033,server-session,2026-08-30T05:02:28.751000Z,PortalWars2-backup-2026.08.30-05.59.50.log,SERVER READY -> Browse -> server welcome; level /MAP_Containment/Containment_Main; UDP/31707,observed
TYE-S034,server-session,2026-08-30T05:08:27.582000Z,PortalWars2-backup-2026.08.30-05.59.50.log,SERVER READY -> Browse -> server welcome; level /MAP_Karman_Station/Karman_Station_Main; UDP/31102,observed
TYE-S035,server-session,2026-08-30T05:17:48.490000Z,PortalWars2-backup-2026.08.30-05.59.50.log,SERVER READY -> Browse -> server welcome; level /MAP_Oasis/Maps/Oasis_Main; UDP/30734,observed
TYE-S036,server-session,2026-08-30T05:26:15.342000Z,PortalWars2-backup-2026.08.30-05.59.50.log,SERVER READY -> Browse -> server welcome; level /MAP_Runway/Runway_Main; UDP/30243,observed
TYE-S037,server-session,2026-08-30T05:40:57.880000Z,PortalWars2-backup-2026.08.30-05.59.50.log,SERVER READY -> Browse -> server welcome; level /MAP_Bypass/Bypass_Main; UDP/31670,observed
TYE-S038,server-session,2026-08-30T05:51:25.783000Z,PortalWars2-backup-2026.08.30-05.59.50.log,SERVER READY -> Browse -> server welcome; level /MAP_Terra13/Terra13_Main; UDP/31410,observed
TYE-S039,server-session,2026-08-30T06:03:36.804000Z,PortalWars2-backup-2026.08.30-08.22.33.log,SERVER READY -> Browse -> server welcome; level /MAP_Runway/Runway_Main; UDP/32224,observed
TYE-S040,server-session,2026-08-30T06:13:21.013000Z,PortalWars2-backup-2026.08.30-08.22.33.log,SERVER READY -> Browse -> server welcome; level /MAP_Grit/Grit_Main; UDP/31877,observed
TYE-S041,server-session,2026-08-30T06:20:58.977000Z,PortalWars2-backup-2026.08.30-08.22.33.log,SERVER READY -> Browse -> server welcome; level /MAP_Frontier/Frontier_Main; UDP/31647,observed
TYE-S042,server-session,2026-08-30T06:32:44.867000Z,PortalWars2-backup-2026.08.30-08.22.33.log,SERVER READY -> Browse -> server welcome; level /MAP_Containment/Containment_Main; UDP/31730,observed
TYE-S043,server-session,2026-08-30T06:41:23.739000Z,PortalWars2-backup-2026.08.30-08.22.33.log,SERVER READY -> Browse -> server welcome; level /MAP_Stadium/StadiumV2_Main; UDP/31813,observed
TYE-S044,server-session,2026-08-30T06:53:38.039000Z,PortalWars2-backup-2026.08.30-08.22.33.log,SERVER READY -> Browse -> server welcome; level /MAP_Simulation/SimulationHectic/SimulationHectic_Main; UDP/32711,observed
TYE-S045,server-session,2026-08-30T07:03:35.715000Z,PortalWars2-backup-2026.08.30-08.22.33.log,SERVER READY -> Browse -> server welcome; level /MAP_Grit/Grit_Main; UDP/32260,observed
TYE-S046,server-session,2026-08-30T07:11:05.162000Z,PortalWars2-backup-2026.08.30-08.22.33.log,SERVER READY -> Browse -> server welcome; level /MAP_Bypass/Bypass_Main; UDP/30866,observed
TYE-S047,server-session,2026-08-30T07:17:30.678000Z,PortalWars2-backup-2026.08.30-08.22.33.log,SERVER READY -> Browse -> server welcome; level /MAP_Karman_Station/Karman_Station_Main; UDP/32433,observed
TYE-S048,server-session,2026-08-30T07:28:07.127000Z,PortalWars2-backup-2026.08.30-08.22.33.log,SERVER READY -> Browse -> server welcome; level /MAP_Containment/Containment_Main; UDP/30781,observed
TYE-S049,server-session,2026-08-30T07:34:27.662000Z,PortalWars2-backup-2026.08.30-08.22.33.log,SERVER READY -> Browse -> server welcome; level /MAP_Ozone_Night/Ozone_Night_Main; UDP/30961,observed
TYE-S050,server-session,2026-08-30T07:44:42.176000Z,PortalWars2-backup-2026.08.30-08.22.33.log,SERVER READY -> Browse -> server welcome; level /MAP_Creative_WetOcean/WetOcean_Main; UDP/32046,observed
TYE-S051,server-session,2026-08-30T07:54:03.016000Z,PortalWars2-backup-2026.08.30-08.22.33.log,SERVER READY -> Browse -> server welcome; level /MAP_Frontier/Frontier_Main; UDP/31566,observed
TYE-S052,server-session,2026-08-30T08:14:30.518000Z,PortalWars2-backup-2026.08.30-08.22.33.log,SERVER READY -> Browse -> server welcome; level /MAP_TriHard/TriHard_Main; UDP/31814,observed
TYE-S053,server-session,2026-08-30T08:19:57.996000Z,PortalWars2-backup-2026.08.30-08.22.33.log,SERVER READY -> Browse -> server welcome; level /MAP_TriHard/TriHard_Main; UDP/30906,observed
TYE-S054,server-session,2026-08-30T08:26:48.236000Z,PortalWars2-backup-2026.08.30-08.35.46.log,SERVER READY -> Browse -> server welcome; level /MAP_TriHard/TriHard_Main; UDP/31539,observed
TYE-S055,server-session,2026-09-01T06:12:04.313000Z,PortalWars2-backup-2026.09.01-07.40.33.log,SERVER READY -> Browse -> server welcome; level /MAP_Abyss/Maps/Abyss_Main; UDP/31420,observed
TYE-S056,server-session,2026-09-01T06:23:58.578000Z,PortalWars2-backup-2026.09.01-07.40.33.log,SERVER READY -> Browse -> server welcome; level /MAP_Core/Core_Main; UDP/30605,observed
TYE-S057,server-session,2026-09-01T06:34:57.452000Z,PortalWars2-backup-2026.09.01-07.40.33.log,SERVER READY -> Browse -> server welcome; level /MAP_Zenith/Zenith_Main; UDP/31319,observed
TYE-S058,server-session,2026-09-01T06:43:58.289000Z,PortalWars2-backup-2026.09.01-07.40.33.log,SERVER READY -> Browse -> server welcome; level /MAP_Karman_Station/Karman_Station_Main; UDP/31644,observed
TYE-S059,server-session,2026-09-01T07:00:44.924000Z,PortalWars2-backup-2026.09.01-07.40.33.log,SERVER READY -> Browse -> server welcome; level /MAP_Frontier/Frontier_Main; UDP/30441,observed
TYE-S060,server-session,2026-09-01T07:13:46.035000Z,PortalWars2-backup-2026.09.01-07.40.33.log,SERVER READY -> Browse -> server welcome; level /MAP_Foregone_Destruction/Maps/Foregone_Destruction; UDP/31671,observed
TYE-S061,server-session,2026-09-01T07:23:57.480000Z,PortalWars2-backup-2026.09.01-07.40.33.log,SERVER READY -> Browse -> server welcome; level /MAP_Foregone_Destruction/Maps/Foregone_Destruction; UDP/30930,observed
TYE-S062,server-session,2026-09-01T07:29:03.884000Z,PortalWars2-backup-2026.09.01-07.40.33.log,SERVER READY -> Browse -> server welcome; level /MAP_Oasis/Maps/Oasis_Main; UDP/30907,observed
TYE-S063,server-session,2026-09-01T07:35:07.777000Z,PortalWars2-backup-2026.09.01-07.40.33.log,SERVER READY -> Browse -> server welcome; level /MAP_Core/Core_Main; UDP/32620,observed
TYE-S064,server-session,2026-09-01T07:45:39.107000Z,PortalWars2-backup-2026.09.01-10.22.32.log,SERVER READY -> Browse -> server welcome; level /MAP_Bypass/Bypass_Main; UDP/31344,observed
TYE-S065,server-session,2026-09-01T07:51:51.684000Z,PortalWars2-backup-2026.09.01-10.22.32.log,SERVER READY -> Browse -> server welcome; level /MAP_Karman_Station/Karman_Station_Main; UDP/31119,observed
TYE-S066,server-session,2026-09-01T07:56:56.864000Z,PortalWars2-backup-2026.09.01-10.22.32.log,SERVER READY -> Browse -> server welcome; level /MAP_Grit/Grit_Main; UDP/32033,observed
TYE-S067,server-session,2026-09-01T08:04:07.676000Z,PortalWars2-backup-2026.09.01-10.22.32.log,SERVER READY -> Browse -> server welcome; level /MAP_Stadium/StadiumV2_Main; UDP/32188,observed
TYE-S068,server-session,2026-09-01T08:18:52.797000Z,PortalWars2-backup-2026.09.01-10.22.32.log,SERVER READY -> Browse -> server welcome; level /MAP_Simulation/SimulationDivide/SimulationDivide_Main; UDP/30647,observed
TYE-S069,server-session,2026-09-01T08:25:28.868000Z,PortalWars2-backup-2026.09.01-10.22.32.log,SERVER READY -> Browse -> server welcome; level /MAP_Simulation/SimulationFaceoff/SimulationFaceoff_Main; UDP/30618,observed
TYE-S070,server-session,2026-09-01T08:37:30.446000Z,PortalWars2-backup-2026.09.01-10.22.32.log,SERVER READY -> Browse -> server welcome; level /MAP_Creative_WetOcean/WetOcean_Main; UDP/31107,observed
TYE-S071,server-session,2026-09-01T08:47:57.926000Z,PortalWars2-backup-2026.09.01-10.22.32.log,SERVER READY -> Browse -> server welcome; level /MAP_Creative_WetOcean/WetOcean_Main; UDP/31773,observed
TYE-S072,server-session,2026-09-01T09:00:46.237000Z,PortalWars2-backup-2026.09.01-10.22.32.log,SERVER READY -> Browse -> server welcome; level /MAP_Academy/Academy_Main; UDP/32049,observed
TYE-S073,server-session,2026-09-01T09:09:11.538000Z,PortalWars2-backup-2026.09.01-10.22.32.log,SERVER READY -> Browse -> server welcome; level /MAP_Grit/Grit_Main; UDP/31916,observed
TYE-S074,server-session,2026-09-01T09:25:45.901000Z,PortalWars2-backup-2026.09.01-10.22.32.log,SERVER READY -> Browse -> server welcome; level /MAP_TriHard/TriHard_Main; UDP/30173,observed
TYE-S075,server-session,2026-09-01T09:40:41.705000Z,PortalWars2-backup-2026.09.01-10.22.32.log,SERVER READY -> Browse -> server welcome; level /MAP_Oasis/Maps/Oasis_Main; UDP/32239,observed
TYE-S076,server-session,2026-09-01T09:46:25.206000Z,PortalWars2-backup-2026.09.01-10.22.32.log,SERVER READY -> Browse -> server welcome; level /MAP_Core/Core_Main; UDP/31698,observed
TYE-S077,server-session,2026-09-01T09:59:59.277000Z,PortalWars2-backup-2026.09.01-10.22.32.log,SERVER READY -> Browse -> server welcome; level /MAP_Runway/Runway_Main; UDP/30162,observed
TYE-S078,server-session,2026-09-01T10:13:11.599000Z,PortalWars2-backup-2026.09.01-10.22.32.log,SERVER READY -> Browse -> server welcome; level /MAP_Eden/Eden_Main; UDP/31797,observed
TYE-S079,server-session,2026-09-02T04:56:50.679000Z,PortalWars2-backup-2026.09.02-08.31.13.log,SERVER READY -> Browse -> server welcome; level /MAP_Creative_EmptySpace/EmptySpace_Main; UDP/31780; overlaps TYE-CAP-05 filtered PCAP,observed
TYE-S080,server-session,2026-09-02T05:10:32.027000Z,PortalWars2-backup-2026.09.02-08.31.13.log,SERVER READY -> Browse -> server welcome; level /MAP_Karman_Station/Karman_Station_Main; UDP/30005; overlaps TYE-CAP-05 filtered PCAP,observed
TYE-S081,server-session,2026-09-02T05:19:57.924000Z,PortalWars2-backup-2026.09.02-08.31.13.log,SERVER READY -> Browse -> server welcome; level /MAP_Terra13/Terra13_Main; UDP/31287; overlaps TYE-CAP-05 filtered PCAP,observed
TYE-S082,server-session,2026-09-02T05:29:39.297000Z,PortalWars2-backup-2026.09.02-08.31.13.log,SERVER READY -> Browse -> server welcome; level /MAP_Stadium/StadiumV2_Main; UDP/32697; overlaps TYE-CAP-05 filtered PCAP,observed
TYE-S083,server-session,2026-09-02T05:36:53.193000Z,PortalWars2-backup-2026.09.02-08.31.13.log,SERVER READY -> Browse -> server welcome; level /MAP_Zenith/Zenith_Main; UDP/31465; overlaps TYE-CAP-05 filtered PCAP,observed
TYE-S084,server-session,2026-09-02T05:44:50.944000Z,PortalWars2-backup-2026.09.02-08.31.13.log,SERVER READY -> Browse -> server welcome; level /MAP_Ozone_Night/Ozone_Night_Main; UDP/31776; overlaps TYE-CAP-05 filtered PCAP,observed
TYE-S085,server-session,2026-09-02T05:53:39.023000Z,PortalWars2-backup-2026.09.02-08.31.13.log,SERVER READY -> Browse -> server welcome; level /MAP_Creative_WetOcean/WetOcean_Main; UDP/32534; overlaps TYE-CAP-05 filtered PCAP,observed
TYE-S086,server-session,2026-09-02T06:03:29.408000Z,PortalWars2-backup-2026.09.02-08.31.13.log,SERVER READY -> Browse -> server welcome; level /MAP_Academy/Academy_Main; UDP/32066; overlaps TYE-CAP-05 filtered PCAP,observed
TYE-S087,server-session,2026-09-02T06:12:09.728000Z,PortalWars2-backup-2026.09.02-08.31.13.log,SERVER READY -> Browse -> server welcome; level /MAP_Grit/Grit_Main; UDP/31563; overlaps TYE-CAP-05 filtered PCAP,observed
TYE-S088,server-session,2026-09-02T06:21:23.545000Z,PortalWars2-backup-2026.09.02-08.31.13.log,SERVER READY -> Browse -> server welcome; level /MAP_Zenith/Zenith_Main; UDP/30037; overlaps TYE-CAP-05 filtered PCAP,observed
TYE-S089,server-session,2026-09-02T06:31:52.166000Z,PortalWars2-backup-2026.09.02-08.31.13.log,SERVER READY -> Browse -> server welcome; level /MAP_Abyss/Maps/Abyss_Main; UDP/30335; overlaps TYE-CAP-05 filtered PCAP,observed
TYE-S090,server-session,2026-09-02T06:42:22.512000Z,PortalWars2-backup-2026.09.02-08.31.13.log,SERVER READY -> Browse -> server welcome; level /MAP_Academy/Academy_Main; UDP/32146; overlaps TYE-CAP-05 filtered PCAP,observed
TYE-S091,server-session,2026-09-02T06:56:35.171000Z,PortalWars2-backup-2026.09.02-08.31.13.log,SERVER READY -> Browse -> server welcome; level /MAP_Frontier/Frontier_Main; UDP/32393; overlaps TYE-CAP-05 filtered PCAP,observed
TYE-S092,server-session,2026-09-02T07:07:46.552000Z,PortalWars2-backup-2026.09.02-08.31.13.log,SERVER READY -> Browse -> server welcome; level /MAP_Stadium/StadiumV2_Main; UDP/31654,observed
TYE-S093,server-session,2026-09-02T07:18:52.251000Z,PortalWars2-backup-2026.09.02-08.31.13.log,SERVER READY -> Browse -> server welcome; level /MAP_Creative_WetOcean/WetOcean_Main; UDP/32234,observed
TYE-S094,server-session,2026-09-02T07:27:50.283000Z,PortalWars2-backup-2026.09.02-08.31.13.log,SERVER READY -> Browse -> server welcome; level /MAP_Foregone_Destruction/Maps/Foregone_Destruction; UDP/31082,observed
TYE-S095,server-session,2026-09-02T07:34:36.212000Z,PortalWars2-backup-2026.09.02-08.31.13.log,SERVER READY -> Browse -> server welcome; level /MAP_Foregone_Destruction/Maps/Foregone_Destruction; UDP/32577,observed
TYE-S096,server-session,2026-09-02T07:41:31.382000Z,PortalWars2-backup-2026.09.02-08.31.13.log,SERVER READY -> Browse -> server welcome; level /MAP_Karman_Station/Karman_Station_Main; UDP/32686,observed
TYE-S097,server-session,2026-09-02T07:42:46.259000Z,PortalWars2-backup-2026.09.02-08.31.13.log,SERVER READY -> Browse -> server welcome; level /MAP_Karman_Station/Karman_Station_Main; UDP/30965,observed
TYE-S098,server-session,2026-09-02T07:47:53.326000Z,PortalWars2-backup-2026.09.02-08.31.13.log,SERVER READY -> Browse -> server welcome; level /MAP_Karman_Station/Karman_Station_Main; UDP/32592,observed
TYE-S099,server-session,2026-09-02T07:54:24.545000Z,PortalWars2-backup-2026.09.02-08.31.13.log,SERVER READY -> Browse -> server welcome; level /MAP_Oasis/Maps/Oasis_Main; UDP/31363,observed
TYE-S100,server-session,2026-09-02T08:02:13.617000Z,PortalWars2-backup-2026.09.02-08.31.13.log,SERVER READY -> Browse -> server welcome; level /MAP_Runway/Runway_Main; UDP/32760,observed
TYE-S101,server-session,2026-09-02T08:07:46.663000Z,PortalWars2-backup-2026.09.02-08.31.13.log,SERVER READY -> Browse -> server welcome; level /MAP_Glacier/MultiTeam_Glacier; UDP/30337,observed
TYE-S102,server-session,2026-09-02T08:22:29.837000Z,PortalWars2-backup-2026.09.02-08.31.13.log,SERVER READY -> Browse -> server welcome; level /MAP_Oasis/Maps/Oasis_Main; UDP/30275,observed
TYE-CM-001,custom-map-transfer,2026-08-30T01:50:04.756000Z,PortalWars2-backup-2026.08.30-02.05.20.log,CustomMapSupport transfer for /MAP_Creative_WetOcean/WetOcean_Main; 295084 compressed -> 4863514 uncompressed; 10 chunks; 6.656s,observed
TYE-CM-002,custom-map-transfer,2026-08-30T07:44:46.639000Z,PortalWars2-backup-2026.08.30-08.22.33.log,CustomMapSupport transfer for /MAP_Creative_WetOcean/WetOcean_Main; 322454 compressed -> 4298790 uncompressed; 10 chunks; 7.298s,observed
TYE-CM-003,custom-map-transfer,2026-09-01T08:37:34.939000Z,PortalWars2-backup-2026.09.01-10.22.32.log,CustomMapSupport transfer for /MAP_Creative_WetOcean/WetOcean_Main; 322454 compressed -> 4298790 uncompressed; 10 chunks; 6.677s,observed
TYE-CM-004,custom-map-transfer,2026-09-01T08:48:02.429000Z,PortalWars2-backup-2026.09.01-10.22.32.log,CustomMapSupport transfer for /MAP_Creative_WetOcean/WetOcean_Main; 295084 compressed -> 4863514 uncompressed; 10 chunks; 6.191s,observed
TYE-CM-005,custom-map-transfer,2026-09-02T04:56:55.038000Z,PortalWars2-backup-2026.09.02-08.31.13.log,CustomMapSupport transfer for /MAP_Creative_EmptySpace/EmptySpace_Main; 330169 compressed -> 5036717 uncompressed; 11 chunks; 7.446s; timestamp overlaps TYE-CAP-05 filtered PCAP,observed
TYE-CM-006,custom-map-transfer,2026-09-02T05:53:43.367000Z,PortalWars2-backup-2026.09.02-08.31.13.log,CustomMapSupport transfer for /MAP_Creative_WetOcean/WetOcean_Main; 322454 compressed -> 4298790 uncompressed; 10 chunks; 7.163s; timestamp overlaps TYE-CAP-05 filtered PCAP,observed
TYE-CM-007,custom-map-transfer,2026-09-02T07:18:56.653000Z,PortalWars2-backup-2026.09.02-08.31.13.log,CustomMapSupport transfer for /MAP_Creative_WetOcean/WetOcean_Main; 301203 compressed -> 4010411 uncompressed; 10 chunks; 6.726s,observed
TYE-GPU-001,gpu-crash,2026-03-11T22:04:37.000Z,D3D12.2026.03.11-22.04.37.nv-gpudmp,NVIDIA Aftermath GPUCrash metadata for PortalWars2-CL-588763 / Release-2.2 on Windows D3D12; historical Arena Reloaded Season 1 timeframe,observed
