category,dataset,version,content_id,local_path,size_bytes,saved_timestamp,expiration_seconds,source_url
CMS/Snapshots,error-codes,0.0.38,A1E5BB7F64C4B2E9970758D4999ED3133B6C4B8AAB1A20CC71FEF0D46439FACB,PortalWars2/Saved/PersistentDownloadDir/CMS/Snapshots/error-codes-A1E5BB7F64C4B2E9970758D4999ED3133B6C4B8AAB1A20CC71FEF0D46439FACB,9037,16779558.6589235,86400,
Localization,error-codes,0.0.38,AF95322F483D6981C5413842235A790E325F3CFA6E4EAA5785AFDE5577D7A64D,PortalWars2/Saved/PersistentDownloadDir/Localization/error-codes-AF95322F483D6981C5413842235A790E325F3CFA6E4EAA5785AFDE5577D7A64D,41070,16779559.6876958,86400,
CMS/Snapshots,game-encryption,0.0.12,E0C42B82347FA77104C3E7242D6BDE74EDDCBA2E01949C0360AE6C6E364BFB20,PortalWars2/Saved/PersistentDownloadDir/CMS/Snapshots/game-encryption-E0C42B82347FA77104C3E7242D6BDE74EDDCBA2E01949C0360AE6C6E364BFB20,81,16779568.8751684,86400,
CMS/Snapshots,entitlements,0.0.173,757F123180E209E63AF5869A145A370DA4FDAA0B6D32011C97229D887C00CEDF,PortalWars2/Saved/PersistentDownloadDir/CMS/Snapshots/entitlements-757F123180E209E63AF5869A145A370DA4FDAA0B6D32011C97229D887C00CEDF,717543,16779570.3838337,86400,
CMS/Snapshots,news-feed,0.0.255,C61E3E1A8618F3DF3F059E95AD531DF2C2EED7FBC356DF6B0BC9CEB474BCBEEB,PortalWars2/Saved/PersistentDownloadDir/CMS/Snapshots/news-feed-C61E3E1A8618F3DF3F059E95AD531DF2C2EED7FBC356DF6B0BC9CEB474BCBEEB,1088,16779571.0784815,86400,
Localization,news-feed,0.0.255,D5C0398B913A0C17BBC0C5F6ACDAC8ED7E028B9A1BBC49183A3F2E575C5FB798,PortalWars2/Saved/PersistentDownloadDir/Localization/news-feed-D5C0398B913A0C17BBC0C5F6ACDAC8ED7E028B9A1BBC49183A3F2E575C5FB798,1331,16779571.7661048,86400,
Localization,daily-login-reward-pool,0.1.9,DB64BAC7C7B9D501479E30ECF7A117A3C2720AA615B5D22C87447155D3FD2809,PortalWars2/Saved/PersistentDownloadDir/Localization/daily-login-reward-pool-DB64BAC7C7B9D501479E30ECF7A117A3C2720AA615B5D22C87447155D3FD2809,1106,16779571.8021613,86400,
CMS/Snapshots,stat-groups,0.0.7,BC50F78741DFC0AE2A9DB23449DEF910B8ABA99A21CE2CE35599BC40D9077861,PortalWars2/Saved/PersistentDownloadDir/CMS/Snapshots/stat-groups-BC50F78741DFC0AE2A9DB23449DEF910B8ABA99A21CE2CE35599BC40D9077861,1062,16779589.2153227,86400,
CMS/Snapshots,regions,0.0.8,6AC6282C8CF86C0878C9B09A6D2FE128A19ED6A8A9AE451B908ADE99E2F96DFF,PortalWars2/Saved/PersistentDownloadDir/CMS/Snapshots/regions-6AC6282C8CF86C0878C9B09A6D2FE128A19ED6A8A9AE451B908ADE99E2F96DFF,1079,16779589.2195384,86400,
CMS/Snapshots,stats-leaderboards,0.0.5,9310991B8357601D7F22FFE39253EF3BBA37647E6EA87EF7D40CA1237FE6DD09,PortalWars2/Saved/PersistentDownloadDir/CMS/Snapshots/stats-leaderboards-9310991B8357601D7F22FFE39253EF3BBA37647E6EA87EF7D40CA1237FE6DD09,1175,16779589.2226076,86400,
CMS/Snapshots,stat-system-aggregates,0.0.3,28ACE7C7AFD30721782CCD6460579F7A8FA832B4FBAEB920A0AF8B164C13204F,PortalWars2/Saved/PersistentDownloadDir/CMS/Snapshots/stat-system-aggregates-28ACE7C7AFD30721782CCD6460579F7A8FA832B4FBAEB920A0AF8B164C13204F,485,16779589.2239687,86400,
CMS/Snapshots,price-tables,0.0.24,EAE5DA027F154EC1829431211E8D8AAEC15B078DF202941D1CE6F84C5D2E85DE,PortalWars2/Saved/PersistentDownloadDir/CMS/Snapshots/price-tables-EAE5DA027F154EC1829431211E8D8AAEC15B078DF202941D1CE6F84C5D2E85DE,2336,16779589.2274243,86400,
CMS/Snapshots,seasons,0.0.23,9695C56A0C986B6181DDBC9331F74C7437D58079008E53B3F6E4886502135138,PortalWars2/Saved/PersistentDownloadDir/CMS/Snapshots/seasons-9695C56A0C986B6181DDBC9331F74C7437D58079008E53B3F6E4886502135138,791,16779589.22985,86400,
CMS/Assets,asset,,,PortalWars2/Saved/PersistentDownloadDir/CMS/Assets/5e9fcaf0-afb8-59e6-b881-89180c2c668e.png,431026,16779589.7334648,86400,https://cms-assets-game-tools.game-tools.mgmt.1047games.com/rooster/store/5e9fcaf0-afb8-59e6-b881-89180c2c668e
CMS/Assets,asset,,,PortalWars2/Saved/PersistentDownloadDir/CMS/Assets/f53783bd-fb64-5f66-894f-1bcecc7162ea.png,551009,16779589.8210746,86400,https://cms-assets-game-tools.game-tools.mgmt.1047games.com/rooster/store/f53783bd-fb64-5f66-894f-1bcecc7162ea
CMS/Assets,asset,,,PortalWars2/Saved/PersistentDownloadDir/CMS/Assets/3e2ba3c4-215d-560c-8d02-80d0cdac8e6d.png,1825868,16779590.2226976,86400,https://cms-assets-game-tools.game-tools.mgmt.1047games.com/rooster/store/3e2ba3c4-215d-560c-8d02-80d0cdac8e6d
CMS/Assets,asset,,,PortalWars2/Saved/PersistentDownloadDir/CMS/Assets/RAF_BG.png,816138,16779590.4477581,86400,https://cms-assets-game-tools.game-tools.mgmt.1047games.com/Events/RAF_BG.png
CMS/Assets,asset,,,PortalWars2/Saved/PersistentDownloadDir/CMS/Assets/6235341a-d03c-5257-9261-ea8efcd4ab5c.png,2234859,16779591.0014227,86400,https://cms-assets-game-tools.game-tools.mgmt.1047games.com/rooster/store/6235341a-d03c-5257-9261-ea8efcd4ab5c
Localization,challenge-schedule,0.0.88,701B5C3109D18E27C51D52DEE3B3E28100E4FF27E92C04F153B3CB17E3EDAE49,PortalWars2/Saved/PersistentDownloadDir/Localization/challenge-schedule-701B5C3109D18E27C51D52DEE3B3E28100E4FF27E92C04F153B3CB17E3EDAE49,3996,16779591.0743641,86400,
Localization,regions,0.0.8,736521296B2ED6211FF81B482FE43A71C4E3023B0C192E64B0353972AA9E0DB7,PortalWars2/Saved/PersistentDownloadDir/Localization/regions-736521296B2ED6211FF81B482FE43A71C4E3023B0C192E64B0353972AA9E0DB7,2011,16779591.0865573,86400,
Localization,playlist-groups,0.0.58,2C0AB1B00B80223B62193495E6C0C1B1906EA08F51A45A2D5274F7A15B10E5B5,PortalWars2/Saved/PersistentDownloadDir/Localization/playlist-groups-2C0AB1B00B80223B62193495E6C0C1B1906EA08F51A45A2D5274F7A15B10E5B5,2495,16779591.0954436,86400,
Localization,playlist-menus,0.0.91,E6F23493FBA34CFDC72B2DFEA088C2CD2982E3785404C82EA444588F7B7FE5F9,PortalWars2/Saved/PersistentDownloadDir/Localization/playlist-menus-E6F23493FBA34CFDC72B2DFEA088C2CD2982E3785404C82EA444588F7B7FE5F9,960,16779591.1030392,86400,
Localization,ranks,0.4.30,9D7001712467680D2A581FBF4019F92D87D92145DF8F33CC8A63961B9D65A048,PortalWars2/Saved/PersistentDownloadDir/Localization/ranks-9D7001712467680D2A581FBF4019F92D87D92145DF8F33CC8A63961B9D65A048,2516,16779591.1094972,86400,
Localization,xp-multipliers,0.0.43,1F9CE3C50988BA3A49D8197415075238EDFA518708A2821F5447F4E3FB001606,PortalWars2/Saved/PersistentDownloadDir/Localization/xp-multipliers-1F9CE3C50988BA3A49D8197415075238EDFA518708A2821F5447F4E3FB001606,1641,16779591.1198465,86400,
Localization,store-sections,0.0.382,85C722FB21C3797E83F913A1A2B478EAD36C41FF354E512E890AC2066F222CB0,PortalWars2/Saved/PersistentDownloadDir/Localization/store-sections-85C722FB21C3797E83F913A1A2B478EAD36C41FF354E512E890AC2066F222CB0,3505,16779591.1268314,86400,
Localization,team-clash,0.0.37,CFAE2E3612EF6526C82637E6432BB0E86CAC2ED558A966B32148C9ACA38C33DD,PortalWars2/Saved/PersistentDownloadDir/Localization/team-clash-CFAE2E3612EF6526C82637E6432BB0E86CAC2ED558A966B32148C9ACA38C33DD,5249,16779591.1351508,86400,
Localization,points-events,0.0.118,E547EE502198CD55700CD68A54330EC996C4660431E374FFE7EBBDC4949C979E,PortalWars2/Saved/PersistentDownloadDir/Localization/points-events-E547EE502198CD55700CD68A54330EC996C4660431E374FFE7EBBDC4949C979E,35436,16779591.1633519,86400,
Localization,store-offers,0.0.144,AD0BADEDB36CF3F361EFEFC13F1ABF9C16E81DFC35B027A9D71F018CC392DD1B,PortalWars2/Saved/PersistentDownloadDir/Localization/store-offers-AD0BADEDB36CF3F361EFEFC13F1ABF9C16E81DFC35B027A9D71F018CC392DD1B,54363,16779591.2174432,86400,
Localization,challenge-templates,0.0.102,65EAFE190AF3A817DD315A301085ACD01D9CAF6AC4E065BB338152A8748EE5A4,PortalWars2/Saved/PersistentDownloadDir/Localization/challenge-templates-65EAFE190AF3A817DD315A301085ACD01D9CAF6AC4E065BB338152A8748EE5A4,146968,16779591.2973451,86400,
Localization,playlists,0.2.449,10855F4F8C701F8DD707D1FF8F8171007A6FA6A33366760F12EC8549B09AD9BF,PortalWars2/Saved/PersistentDownloadDir/Localization/playlists-10855F4F8C701F8DD707D1FF8F8171007A6FA6A33366760F12EC8549B09AD9BF,226555,16779591.5161574,86400,
CMS/Assets,asset,,,PortalWars2/Saved/PersistentDownloadDir/CMS/Assets/8bfff056-d527-5722-bf7a-56054c50ac09.png,947872,16779592.5102977,86400,https://cms-assets-game-tools.game-tools.mgmt.1047games.com/rooster/limited-time-events/8bfff056-d527-5722-bf7a-56054c50ac09
CMS/Assets,asset,,,PortalWars2/Saved/PersistentDownloadDir/CMS/Assets/T_UI_PlaylistImage_ArenaRoyale_01.png,2556536,16779617.8030486,86400,https://cms-assets-game-tools.game-tools.mgmt.1047games.com/playlists/Relaunch/T_UI_PlaylistImage_ArenaRoyale_01.png
CMS/Assets,asset,,,PortalWars2/Saved/PersistentDownloadDir/CMS/Assets/T_UI_PlaylistImage_Section_Quickplay_01%20(1).png,2379398,16779618.4746042,86400,https://cms-assets-game-tools.game-tools.mgmt.1047games.com/playlists/Relaunch/T_UI_PlaylistImage_Section_Quickplay_01%20(1).png
CMS/Assets,asset,,,PortalWars2/Saved/PersistentDownloadDir/CMS/Assets/T_UI_PlaylistImage_ClassicArena_01.png,2551807,16779619.0087944,86400,https://cms-assets-game-tools.game-tools.mgmt.1047games.com/playlists/Relaunch/T_UI_PlaylistImage_ClassicArena_01.png
CMS/Assets,asset,,,PortalWars2/Saved/PersistentDownloadDir/CMS/Assets/T_UI_PlaylistImage_Common_1Player_08_Blue.png,2584859,16779619.9102607,86400,https://cms-assets-game-tools.game-tools.mgmt.1047games.com/playlists/Relaunch/T_UI_PlaylistImage_Common_1Player_08_Blue.png
CMS/Assets,asset,,,PortalWars2/Saved/PersistentDownloadDir/CMS/Assets/T_UI_PlaylistImage_TeamDeathmatch_01.png,2544020,16779794.238125,86400,https://cms-assets-game-tools.game-tools.mgmt.1047games.com/playlists/Relaunch/T_UI_PlaylistImage_TeamDeathmatch_01.png
CMS/Assets,asset,,,PortalWars2/Saved/PersistentDownloadDir/CMS/Assets/T_UI_PlaylistImage_Domination_01.png,2555863,16779795.6202387,86400,https://cms-assets-game-tools.game-tools.mgmt.1047games.com/playlists/Relaunch/T_UI_PlaylistImage_Domination_01.png
CMS/Assets,asset,,,PortalWars2/Saved/PersistentDownloadDir/CMS/Assets/T_UI_PlaylistImage_KOTH_01.png,2674818,16779796.1401423,86400,https://cms-assets-game-tools.game-tools.mgmt.1047games.com/playlists/Relaunch/T_UI_PlaylistImage_KOTH_01.png
CMS/Assets,asset,,,PortalWars2/Saved/PersistentDownloadDir/CMS/Assets/T_UI_PlaylistImage_ShottySnipers_01.png,2602034,16779798.9874042,86400,https://cms-assets-game-tools.game-tools.mgmt.1047games.com/playlists/Relaunch/T_UI_PlaylistImage_ShottySnipers_01.png
CMS/Assets,asset,,,PortalWars2/Saved/PersistentDownloadDir/CMS/Assets/T_UI_PlaylistImage_TeamFiesta_01.png,2574529,16779799.7369075,86400,https://cms-assets-game-tools.game-tools.mgmt.1047games.com/playlists/Relaunch/T_UI_PlaylistImage_TeamFiesta_01.png
CMS/Assets,asset,,,PortalWars2/Saved/PersistentDownloadDir/CMS/Assets/T_UI_PlaylistImage_Common_2Players_06_Red.png,2510319,16779802.7324193,86400,https://cms-assets-game-tools.game-tools.mgmt.1047games.com/playlists/Relaunch/T_UI_PlaylistImage_Common_2Players_06_Red.png
CMS/Assets,asset,,,PortalWars2/Saved/PersistentDownloadDir/CMS/Assets/Gunsligner_PlaylistImage_1920x733.png,2154588,16779804.7530773,86400,https://cms-assets-game-tools.game-tools.mgmt.1047games.com/playlists/Relaunch/Gunsligner_PlaylistImage_1920x733.jpg
CMS/Assets,asset,,,PortalWars2/Saved/PersistentDownloadDir/CMS/Assets/T_UI_PlaylistImage_FFAGungame_01.png,2600866,16779805.9960372,86400,https://cms-assets-game-tools.game-tools.mgmt.1047games.com/playlists/Relaunch/T_UI_PlaylistImage_FFAGungame_01.png
CMS/Assets,asset,,,PortalWars2/Saved/PersistentDownloadDir/CMS/Assets/T_UI_PlaylistImage_TeamSwat_01.png,2499326,16779806.7673404,86400,https://cms-assets-game-tools.game-tools.mgmt.1047games.com/playlists/Relaunch/T_UI_PlaylistImage_TeamSwat_01.png
CMS/Assets,asset,,,PortalWars2/Saved/PersistentDownloadDir/CMS/Assets/T_UI_PlaylistImage_Splitball_04.png,2510080,16779809.2527112,86400,https://cms-assets-game-tools.game-tools.mgmt.1047games.com/playlists/Relaunch/T_UI_PlaylistImage_Splitball_04.png
CMS/Snapshots,bots,0.2.6,ACF6191886D134AC3330835FBCDA751F23846003E8BCBC15924A8F3E54219BEC,PortalWars2/Saved/PersistentDownloadDir/CMS/Snapshots/bots-ACF6191886D134AC3330835FBCDA751F23846003E8BCBC15924A8F3E54219BEC,16804,16779847.9446193,86400,
Localization,store-sections,0.0.383,F0CB2AE8BA92A88587A2DC439EB19130B5314C1A859F3F2A0A32901F8C309CE1,PortalWars2/Saved/PersistentDownloadDir/Localization/store-sections-F0CB2AE8BA92A88587A2DC439EB19130B5314C1A859F3F2A0A32901F8C309CE1,3505,16777386.9819667,86400,
Localization,challenge-schedule,0.0.90,E0FD9A67270EBE4520532B5F50FFA2D9F8987DD1766DB5435D88F54ECDAE4353,PortalWars2/Saved/PersistentDownloadDir/Localization/challenge-schedule-E0FD9A67270EBE4520532B5F50FFA2D9F8987DD1766DB5435D88F54ECDAE4353,4147,16777387.2089482,86400,
Localization,challenge-templates,0.0.103,0AB61B5D5869E703D8FB527483BA705182640B4281E5475E1506D313ACD64FCA,PortalWars2/Saved/PersistentDownloadDir/Localization/challenge-templates-0AB61B5D5869E703D8FB527483BA705182640B4281E5475E1506D313ACD64FCA,146057,16777387.2994246,86400,
CMS/Assets,asset,,,PortalWars2/Saved/PersistentDownloadDir/CMS/Assets/T_UI_PlaylistImage_ShottySnipersPowersEvent.png,2559599,16777429.5206487,86400,https://cms-assets-game-tools.game-tools.mgmt.1047games.com/playlists/Relaunch/T_UI_PlaylistImage_ShottySnipersPowersEvent.png
CMS/Assets,asset,,,PortalWars2/Saved/PersistentDownloadDir/CMS/Assets/T_UI_PlaylistImage_ClassicTakedown_01.png,2652381,16777517.4558166,86400,https://cms-assets-game-tools.game-tools.mgmt.1047games.com/playlists/Relaunch/T_UI_PlaylistImage_ClassicTakedown_01.png
CMS/Assets,asset,,,PortalWars2/Saved/PersistentDownloadDir/CMS/Assets/96a72c8e-89ae-57b4-907e-370610e8b47d.png,258831,16778117.1013896,86400,https://cms-assets-game-tools.game-tools.mgmt.1047games.com/rooster/store/96a72c8e-89ae-57b4-907e-370610e8b47d
CMS/Assets,asset,,,PortalWars2/Saved/PersistentDownloadDir/CMS/Assets/T_UI_Store_SplitCoin-1.png,322602,16778117.2545101,86400,https://cms-assets-game-tools.game-tools.mgmt.1047games.com/store/T_UI_Store_SplitCoin-1.png
CMS/Assets,asset,,,PortalWars2/Saved/PersistentDownloadDir/CMS/Assets/T_UI_Store_Upgrade-1.png,368210,16778117.2873437,86400,https://cms-assets-game-tools.game-tools.mgmt.1047games.com/store/T_UI_Store_Upgrade-1.png
CMS/Assets,asset,,,PortalWars2/Saved/PersistentDownloadDir/CMS/Assets/T_UI_Store_SplitCoin-2.png,483803,16778117.3331822,86400,https://cms-assets-game-tools.game-tools.mgmt.1047games.com/store/T_UI_Store_SplitCoin-2.png
CMS/Assets,asset,,,PortalWars2/Saved/PersistentDownloadDir/CMS/Assets/T_UI_Store_SplitCoin-3.png,507405,16778117.3740586,86400,https://cms-assets-game-tools.game-tools.mgmt.1047games.com/store/T_UI_Store_SplitCoin-3.png
CMS/Assets,asset,,,PortalWars2/Saved/PersistentDownloadDir/CMS/Assets/T_UI_Store_Upgrade-2.png,653203,16778117.4654881,86400,https://cms-assets-game-tools.game-tools.mgmt.1047games.com/store/T_UI_Store_Upgrade-2.png
CMS/Assets,asset,,,PortalWars2/Saved/PersistentDownloadDir/CMS/Assets/T_UI_Store_SplitCoin-4.png,855721,16778117.5401023,86400,https://cms-assets-game-tools.game-tools.mgmt.1047games.com/store/T_UI_Store_SplitCoin-4.png
CMS/Assets,asset,,,PortalWars2/Saved/PersistentDownloadDir/CMS/Assets/T_UI_Store_SplitCoin-5.png,1157807,16778117.6382537,86400,https://cms-assets-game-tools.game-tools.mgmt.1047games.com/store/T_UI_Store_SplitCoin-5.png
CMS/Assets,asset,,,PortalWars2/Saved/PersistentDownloadDir/CMS/Assets/T_UI_Store_Upgrade-3.png,935265,16778117.7999805,86400,https://cms-assets-game-tools.game-tools.mgmt.1047games.com/store/T_UI_Store_Upgrade-3.png
CMS/Assets,asset,,,PortalWars2/Saved/PersistentDownloadDir/CMS/Assets/c636a990-40c6-5f62-aa89-44a81d0c241d.png,3101374,16778118.5249859,86400,https://cms-assets-game-tools.game-tools.mgmt.1047games.com/rooster/store/c636a990-40c6-5f62-aa89-44a81d0c241d
CMS/Assets,asset,,,PortalWars2/Saved/PersistentDownloadDir/CMS/Assets/94fc4494-73f6-5e95-a9f4-0cc5be534328.png,3603191,16778118.8320419,86400,https://cms-assets-game-tools.game-tools.mgmt.1047games.com/rooster/store/94fc4494-73f6-5e95-a9f4-0cc5be534328
CMS/Assets,asset,,,PortalWars2/Saved/PersistentDownloadDir/CMS/Assets/1ffb2597-3aa1-520e-955d-d8b512a6df90.png,2799698,16778119.0773619,86400,https://cms-assets-game-tools.game-tools.mgmt.1047games.com/rooster/store/1ffb2597-3aa1-520e-955d-d8b512a6df90
CMS/Assets,asset,,,PortalWars2/Saved/PersistentDownloadDir/CMS/Assets/d1eadb83-ef96-526b-a45e-64b0d41714e3.png,3413760,16778119.3400914,86400,https://cms-assets-game-tools.game-tools.mgmt.1047games.com/rooster/store/d1eadb83-ef96-526b-a45e-64b0d41714e3
CMS/Assets,asset,,,PortalWars2/Saved/PersistentDownloadDir/CMS/Assets/140e432e-8e7f-5d60-a3f3-0ff3b2cea5d8.png,3348594,16778119.6130835,86400,https://cms-assets-game-tools.game-tools.mgmt.1047games.com/rooster/store/140e432e-8e7f-5d60-a3f3-0ff3b2cea5d8
CMS/Assets,asset,,,PortalWars2/Saved/PersistentDownloadDir/CMS/Assets/647dbb19-e874-5134-a7f2-e557975c75f3.png,2189542,16778119.8582151,86400,https://cms-assets-game-tools.game-tools.mgmt.1047games.com/rooster/store/647dbb19-e874-5134-a7f2-e557975c75f3
CMS/Assets,asset,,,PortalWars2/Saved/PersistentDownloadDir/CMS/Assets/5f44232d-22d3-5610-b555-ac319de0dac7.png,3755148,16778120.1552744,86400,https://cms-assets-game-tools.game-tools.mgmt.1047games.com/rooster/store/5f44232d-22d3-5610-b555-ac319de0dac7
CMS/Assets,asset,,,PortalWars2/Saved/PersistentDownloadDir/CMS/Assets/e9b8cf94-d721-5725-b912-acb486c6fc81.png,3523480,16778120.4622627,86400,https://cms-assets-game-tools.game-tools.mgmt.1047games.com/rooster/store/e9b8cf94-d721-5725-b912-acb486c6fc81
CMS/Snapshots,news-feed,0.0.255,493E7A0F94610E7F4A6EB57618CB4F62C9960606C71F47068A371C9E75111595,PortalWars2/Saved/PersistentDownloadDir/CMS/Snapshots/news-feed-493E7A0F94610E7F4A6EB57618CB4F62C9960606C71F47068A371C9E75111595,1088,16778001.6405975,86400,
Localization,news-feed,0.0.255,1688CCC3C0D03819A05C7751BF00956B67A889A77DA6BB502180374D1B4D6F58,PortalWars2/Saved/PersistentDownloadDir/Localization/news-feed-1688CCC3C0D03819A05C7751BF00956B67A889A77DA6BB502180374D1B4D6F58,3539,16778001.9181577,86400,
CMS/Snapshots,seasons,0.0.24,B6F0D5B6138F9BFF3AFCB0DB3691492E41C78EB41A580E0E247F01E0A56C14C5,PortalWars2/Saved/PersistentDownloadDir/CMS/Snapshots/seasons-B6F0D5B6138F9BFF3AFCB0DB3691492E41C78EB41A580E0E247F01E0A56C14C5,796,16778010.336003,86400,
Localization,playlist-groups,0.0.59,47FE27F1C9F02D94CBE93E6F88D0BB790E2BC4DF16189496B20B1CC1C7D5C56F,PortalWars2/Saved/PersistentDownloadDir/Localization/playlist-groups-47FE27F1C9F02D94CBE93E6F88D0BB790E2BC4DF16189496B20B1CC1C7D5C56F,2495,16778010.3383953,86400,
Localization,store-sections,0.0.385,B8B38C891CC51DA3C206149232887B04C59822C1542C14BC4EF859941B86268C,PortalWars2/Saved/PersistentDownloadDir/Localization/store-sections-B8B38C891CC51DA3C206149232887B04C59822C1542C14BC4EF859941B86268C,3501,16778010.3435919,86400,
Localization,playlists,0.2.451,55A4DF15751C4550B5D2C19183773FB39608AB3C128E5997D20E97C80CFD3A4F,PortalWars2/Saved/PersistentDownloadDir/Localization/playlists-55A4DF15751C4550B5D2C19183773FB39608AB3C128E5997D20E97C80CFD3A4F,226930,16778010.4037331,86400,
Localization,challenge-schedule,0.0.92,BC3A65E8FD9C31B9A13FF8941127679F507506247CFE30CD0C7ADECF342E4FDB,PortalWars2/Saved/PersistentDownloadDir/Localization/challenge-schedule-BC3A65E8FD9C31B9A13FF8941127679F507506247CFE30CD0C7ADECF342E4FDB,4307,16778010.6858963,86400,
Localization,challenge-schedule,0.0.93,179FA040283C53C9741F29A27A9268B8191E03002DB80A27288F806C469CBDB6,PortalWars2/Saved/PersistentDownloadDir/Localization/challenge-schedule-179FA040283C53C9741F29A27A9268B8191E03002DB80A27288F806C469CBDB6,4307,16795106.3263188,86400,
CMS/Snapshots,news-feed,0.0.260,62835136B4A632175631BB7D078B8ADF53D75396F5566FE64E874879DD9BEE8F,PortalWars2/Saved/PersistentDownloadDir/CMS/Snapshots/news-feed-62835136B4A632175631BB7D078B8ADF53D75396F5566FE64E874879DD9BEE8F,951,16784831.1964772,86400,
Localization,news-feed,0.0.260,576FA0E41D3670EAA9E3D500AE9CC67C09A4466165A4D931A22E1126862E456C,PortalWars2/Saved/PersistentDownloadDir/Localization/news-feed-576FA0E41D3670EAA9E3D500AE9CC67C09A4466165A4D931A22E1126862E456C,3532,16784831.4641345,86400,
