relative_path,category,size_bytes,mtime_utc,sha256
.sentry-native/<uuid>.run/__sentry-breadcrumb1,sentry-runtime,0,2026-09-03T01:21:28Z,e3b0c44298fc1c149afbf4c8996fb92427ae41e4649b934ca495991b7852b855
.sentry-native/<uuid>.run/__sentry-breadcrumb2,sentry-runtime,0,2026-09-03T01:21:28Z,e3b0c44298fc1c149afbf4c8996fb92427ae41e4649b934ca495991b7852b855
.sentry-native/<uuid>.run/__sentry-event,sentry-runtime,491,2026-09-03T01:22:12Z,c725402150b9ea9e32fd99c8fce467f438aaf2d6c24948e6c9fec75a4f6548d2
.sentry-native/attachments/<uuid>/__sentry-breadcrumb1,sentry-runtime,0,2026-09-03T02:13:56Z,e3b0c44298fc1c149afbf4c8996fb92427ae41e4649b934ca495991b7852b855
.sentry-native/attachments/<uuid>/__sentry-breadcrumb2,sentry-runtime,0,2026-09-03T02:13:56Z,e3b0c44298fc1c149afbf4c8996fb92427ae41e4649b934ca495991b7852b855
.sentry-native/attachments/<uuid>/__sentry-event,sentry-runtime,491,2026-09-03T02:13:56Z,c725402150b9ea9e32fd99c8fce467f438aaf2d6c24948e6c9fec75a4f6548d2
.sentry-native/attachments/<uuid>/PortalWars2.log,sentry-runtime,612288,2026-09-03T02:13:56Z,14c9bc5518641ca549636cc7eab37f7f5c9896f1fecafcdff57286e941f4c2ab
.sentry-native/metadata,sentry-runtime,114,2026-09-03T02:13:58Z,b6ab020c4dada01d36f4cfbe79b7c5b4501f8281086134471fbd780fc2fe4bd8
.sentry-native/reports/<uuid>.dmp,crash-dump,820156760,2026-09-03T02:13:56Z,99b62f1abe04bf944fae6b4503f851d8f35fff061f79bad35e0c6f5891f2f382
.sentry-native/settings.dat,sentry-runtime,40,2026-09-03T02:13:58Z,288fe3b208d50dde02543ffc4ea99b6a603ee35f59f6a60923f870f4402d782c
Saved/.shaderCacheVersion,render-cache,4,2026-06-25T13:16:16Z,7aa8ca4a02506da9133d8f889678b76f716ce45d02e22fdb7b70a15e56a0eff8
Saved/Cloud/Steam_<redacted>/Settings/CloudSettings-V2-prod.sav,cloud-save,171856,2026-09-03T01:24:22Z,b4ee738210dab84d17d8bd439293e4d4549d4e46771386fbd1b7467f082dd811
Saved/Config/CrashReportClient/UECC-Windows-022B073F4C2A55515CC4C0A5FF908F3C/CrashReportClient.ini,other,161,2026-09-01T10:12:32Z,c2343120f97e951269766ce2de6b687a7fbe6eee5635bf7467e05f9283ed9061
Saved/Config/CrashReportClient/UECC-Windows-0B195A644650692F88D74F8B00221A0B/CrashReportClient.ini,other,161,2026-09-01T14:43:24Z,c2343120f97e951269766ce2de6b687a7fbe6eee5635bf7467e05f9283ed9061
Saved/Config/CrashReportClient/UECC-Windows-1B21ED5E498EC2620CF887B7E700F55B/CrashReportClient.ini,other,161,2026-09-02T00:19:00Z,c2343120f97e951269766ce2de6b687a7fbe6eee5635bf7467e05f9283ed9061
Saved/Config/CrashReportClient/UECC-Windows-1C65B12F433F53A234DF83B46F17ADDE/CrashReportClient.ini,other,161,2026-09-01T18:49:30Z,c2343120f97e951269766ce2de6b687a7fbe6eee5635bf7467e05f9283ed9061
Saved/Config/CrashReportClient/UECC-Windows-50A33AE945EBC538A166BAA684E23D00/CrashReportClient.ini,other,161,2026-09-02T00:17:22Z,c2343120f97e951269766ce2de6b687a7fbe6eee5635bf7467e05f9283ed9061
Saved/Config/CrashReportClient/UECC-Windows-51ED57FF48F5A8111D938382D418A2CF/CrashReportClient.ini,other,161,2026-09-03T01:21:10Z,c2343120f97e951269766ce2de6b687a7fbe6eee5635bf7467e05f9283ed9061
Saved/Config/CrashReportClient/UECC-Windows-541A36464476485E5F4DD99CF7581B29/CrashReportClient.ini,other,161,2026-09-01T02:58:54Z,c2343120f97e951269766ce2de6b687a7fbe6eee5635bf7467e05f9283ed9061
Saved/Config/CrashReportClient/UECC-Windows-6EDC56BA4EC99D899E72D3A96416F236/CrashReportClient.ini,other,161,2026-09-01T09:54:18Z,c2343120f97e951269766ce2de6b687a7fbe6eee5635bf7467e05f9283ed9061
Saved/Config/CrashReportClient/UECC-Windows-9A9A69F6471F916B32F5379DED060D7B/CrashReportClient.ini,other,161,2026-09-01T09:53:30Z,c2343120f97e951269766ce2de6b687a7fbe6eee5635bf7467e05f9283ed9061
Saved/Config/CrashReportClient/UECC-Windows-AB9623844FAD1C20D5848B948F360615/CrashReportClient.ini,other,161,2026-09-01T03:53:00Z,c2343120f97e951269766ce2de6b687a7fbe6eee5635bf7467e05f9283ed9061
Saved/Config/CrashReportClient/UECC-Windows-BA5F2FED4155566489A11DA6D4CEC05B/CrashReportClient.ini,other,161,2026-09-01T14:44:34Z,c2343120f97e951269766ce2de6b687a7fbe6eee5635bf7467e05f9283ed9061
Saved/Config/CrashReportClient/UECC-Windows-F7EAE99C4466763B145F329C51D8F300/CrashReportClient.ini,other,161,2026-09-01T02:56:06Z,c2343120f97e951269766ce2de6b687a7fbe6eee5635bf7467e05f9283ed9061
Saved/Config/WindowsClient/GameUserSettings.ini,user-settings,4749,2026-09-03T02:13:52Z,8c7809feab43110b51308c14270b525235fc68ac3ad4323de875f605f8b65cee
Saved/ImGui/Game.ini,imgui-config,66,2026-09-02T00:17:58Z,68e286a0f4b010097db2ad6079f583f30150a86cbc84ef4b991076553398f933
Saved/Logs/PortalWars2-backup-2026.09.01-02.48.48.log,game-log,634910,2026-09-01T03:48:48Z,3ecc1a10e2c6045abaa77eee0931c22c24882d012ee96e952d9e9b182514cf03
Saved/Logs/PortalWars2-backup-2026.09.01-03.00.03.log,game-log,888552,2026-09-01T04:00:02Z,7a161192261dbd3234a8da98b0bfa7474898026f113e75989dd89d3c6a3e03d4
Saved/Logs/PortalWars2-backup-2026.09.01-08.53.43.log,game-log,528065,2026-09-01T09:53:42Z,d8cf745bc05db4d44db155d32a61f2f665c165f38f6c5eb35ff8beed7fe3a825
Saved/Logs/PortalWars2-backup-2026.09.01-09.05.40.log,game-log,427665,2026-09-01T10:05:40Z,4839ba8c05e5a32b5d7c489c2d18a987814eb7d33c3af2a7124fdb847f64f3f5
Saved/Logs/PortalWars2-backup-2026.09.01-09.13.04.log,game-log,433897,2026-09-01T10:13:04Z,0dd492664aab838e1f44f8d97f247fbc41e643e92928fdb5405cc5358d051c71
Saved/Logs/PortalWars2-backup-2026.09.01-13.44.00.log,game-log,429278,2026-09-01T14:44:00Z,c1f5dd7e18524d74611e9089a46184512da46b73783f240b47b6bb1ec9a2c572
Saved/Logs/PortalWars2-backup-2026.09.01-13.51.22.log,game-log,956872,2026-09-01T14:51:22Z,289abdc48094483c25b95faf2c9c841e07106fb4b3c4ebfbc77901050cb5bfd9
Saved/Logs/PortalWars2-backup-2026.09.01-17.49.57.log,game-log,433836,2026-09-01T18:49:56Z,f9791318eda72a44ce31f6f81749bccfa27dec3de6ead789b71b098d04130237
Saved/Logs/PortalWars2-backup-2026.09.01-23.17.58.log,game-log,428677,2026-09-02T00:17:58Z,7e88b931ccd9d4d39923bff1815502fc286674f82447dff62d5bf259559e0425
Saved/Logs/PortalWars2-backup-2026.09.02-00.01.05.log,game-log,2699741,2026-09-02T01:01:04Z,cc92183a8ce40642914cc65c889f3466c974cfc75066831618290a4806835a53
Saved/Logs/PortalWars2.log,game-log,612605,2026-09-03T02:13:56Z,f09c06af9034fa4ddff2cc1bb16695689075e23b25933d62ee7c9dfa2be8c021
Saved/PersistentDownloadDir/CacheManifest.json,other,27887,2026-09-03T01:22:06Z,dc58d8a349f368af065dfb72598981dd8055bbf968119899caa0a9dcdf7ae194
Saved/PersistentDownloadDir/CMS/Assets/<uuid>.png,cms-asset,3348594,2026-07-15T17:25:24Z,f0fd4af598b4f2176c8d49164e92792b391bf5bc29b09fa8dfc3a7affb9792c9
Saved/PersistentDownloadDir/CMS/Assets/<uuid>.png,cms-asset,2799698,2026-07-15T17:25:24Z,b9718fa68f0a885f5893ade61dcae88f9af2f37791d54a53eef8c37b4fc29a23
Saved/PersistentDownloadDir/CMS/Assets/<uuid>.png,cms-asset,1825868,2026-06-25T13:17:24Z,c05f4813a72f841ea2489081b7befc7aec7e56436b3d807ae5592820dda57a29
Saved/PersistentDownloadDir/CMS/Assets/<uuid>.png,cms-asset,431026,2026-06-25T13:17:24Z,ad9db5293cb6816a9a3aa94c756a6ff6f94bf9ff560f7465760b59327a42906e
Saved/PersistentDownloadDir/CMS/Assets/<uuid>.png,cms-asset,3755148,2026-07-15T17:25:24Z,951ad7ce912fe169886ce0b73c687f8933a1a5e7f7466cd06e36308ec75ac77d
Saved/PersistentDownloadDir/CMS/Assets/<uuid>.png,cms-asset,2234859,2026-06-25T13:17:24Z,121ff41e99f4f9c6ca36a270982e040930548dc2ac08a5bc70953212b8c2aa57
Saved/PersistentDownloadDir/CMS/Assets/<uuid>.png,cms-asset,2189542,2026-07-15T17:25:24Z,c672a2fbff371505243854a6048dd1a2828d69b12337605d8240ef26a394a72f
Saved/PersistentDownloadDir/CMS/Assets/<uuid>.png,cms-asset,947872,2026-06-25T13:17:26Z,f5c8802e285c9a0f0ae1e8684452d53e9670b6aa438eb7eafab28f4cbeda6016
Saved/PersistentDownloadDir/CMS/Assets/<uuid>.png,cms-asset,3603191,2026-07-15T17:25:22Z,eedfd659ce9132de112973e8471d3d70e50a6506a510f4f53e9a7912c8a51f98
Saved/PersistentDownloadDir/CMS/Assets/<uuid>.png,cms-asset,258831,2026-07-15T17:25:22Z,d53b5cc2d7bc30a3188fdb2346f4574455cac278553edc2c4fe65796d40b3340
Saved/PersistentDownloadDir/CMS/Assets/<uuid>.png,cms-asset,3101374,2026-07-15T17:25:22Z,429559b272e98b9207c901c491747b513e4113b5a3408b4c1fda03ab92b4c1de
Saved/PersistentDownloadDir/CMS/Assets/<uuid>.png,cms-asset,3413760,2026-07-15T17:25:24Z,df2d75f0dab09a77c64030d79fcd2ed085825094648e505f84d6ded70ec2871d
Saved/PersistentDownloadDir/CMS/Assets/<uuid>.png,cms-asset,3523480,2026-07-15T17:25:24Z,f2bd25e0770fb057d2b18a45ca4ac3701e95fa2eeb6feba64d24725af1766cef
Saved/PersistentDownloadDir/CMS/Assets/<uuid>.png,cms-asset,551009,2026-06-25T13:17:24Z,09af55deca44d0d7bf1d0be34b552761bbc7a1b54584ecdd784be432b639cef9
Saved/PersistentDownloadDir/CMS/Assets/Gunsligner_PlaylistImage_1920x733.png,cms-asset,2154588,2026-06-25T13:20:58Z,311dca22d1a1b7a576afafd9021885485301ae7bad6bfa41ac2e97738ef7f1e2
Saved/PersistentDownloadDir/CMS/Assets/RAF_BG.png,cms-asset,816138,2026-06-25T13:17:24Z,56be2f5876f857572e5f58bee1ac95b8e6110ff44c7c79511739fdf9680be0d2
Saved/PersistentDownloadDir/CMS/Assets/T_UI_PlaylistImage_ArenaRoyale_01.png,cms-asset,2556536,2026-06-25T13:17:52Z,ca3d8a7d8f7abade6863c8ffc3401f6fbc8d4a2099c158f4aee079307531a39c
Saved/PersistentDownloadDir/CMS/Assets/T_UI_PlaylistImage_ClassicArena_01.png,cms-asset,2551807,2026-06-25T13:17:52Z,bb4e49d803213aa74ee34c30a6dbedeeb666588bad76bd126a4620eda170e6a5
Saved/PersistentDownloadDir/CMS/Assets/T_UI_PlaylistImage_ClassicTakedown_01.png,cms-asset,2652381,2026-07-15T17:15:22Z,fa894f6a38d48446b17bdbc065ca14746fe7a3fa0791c479451a56096e3a437e
Saved/PersistentDownloadDir/CMS/Assets/T_UI_PlaylistImage_Common_1Player_08_Blue.png,cms-asset,2584859,2026-06-25T13:17:54Z,34837cceab427d3af41d09e14af24824b268c35bf690944903db196fbe64065b
Saved/PersistentDownloadDir/CMS/Assets/T_UI_PlaylistImage_Common_2Players_06_Red.png,cms-asset,2510319,2026-06-25T13:20:56Z,785c23ff9160a44be9e553a68485b11c6b7da9b2eeb63985438d0d5a721d452f
Saved/PersistentDownloadDir/CMS/Assets/T_UI_PlaylistImage_Domination_01.png,cms-asset,2555863,2026-06-25T13:20:50Z,046220ef664078d292858ee133979051fffc226d5939496ab19669e6f0ada9ac
Saved/PersistentDownloadDir/CMS/Assets/T_UI_PlaylistImage_FFAGungame_01.png,cms-asset,2600866,2026-06-25T13:21:00Z,a7f91f3f204162e95c0a7a3d7e076f8cd96336584ec9058212e3256bbe56b0bf
Saved/PersistentDownloadDir/CMS/Assets/T_UI_PlaylistImage_KOTH_01.png,cms-asset,2674818,2026-06-25T13:20:50Z,86f2413927f1d7e025f16c0f502bb41e15e937e48408abc1131459df9e272ff3
Saved/PersistentDownloadDir/CMS/Assets/T_UI_PlaylistImage_Section_Quickplay_01%20(1).png,cms-asset,2379398,2026-06-25T13:17:52Z,f2f77ea62dae005c36904960d6355acbd2a4e8e9287d352a21651df78308d8c8
Saved/PersistentDownloadDir/CMS/Assets/T_UI_PlaylistImage_ShottySnipers_01.png,cms-asset,2602034,2026-06-25T13:20:52Z,2b3789b417fd9f4ad5591fb8cd7d1860b9d0385ee5b1e081ccd70dc114bc28dd
Saved/PersistentDownloadDir/CMS/Assets/T_UI_PlaylistImage_ShottySnipersPowersEvent.png,cms-asset,2559599,2026-07-15T17:13:54Z,5afbc39bd6c3dd07b679b2fa97739a517ae9effc39fc65a495b436ab94d37273
Saved/PersistentDownloadDir/CMS/Assets/T_UI_PlaylistImage_Splitball_04.png,cms-asset,2510080,2026-06-25T13:21:04Z,4e2bc01f22571aa0b5021ffa3f93e55fad5f07e67b1937babf724764cdbf7640
Saved/PersistentDownloadDir/CMS/Assets/T_UI_PlaylistImage_TeamDeathmatch_01.png,cms-asset,2544020,2026-06-25T13:20:48Z,05d8d90ec838b5b4e96803e74427f2e95f467dad5dcbc89c3cb94536824c5e09
Saved/PersistentDownloadDir/CMS/Assets/T_UI_PlaylistImage_TeamFiesta_01.png,cms-asset,2574529,2026-06-25T13:20:54Z,d98085995c356e484ebf09f0f50e5c49a9a1bbb7308cb8937a049382cc9e4b81
Saved/PersistentDownloadDir/CMS/Assets/T_UI_PlaylistImage_TeamSwat_01.png,cms-asset,2499326,2026-06-25T13:21:00Z,76b9b0d30d9480264fef4fb72dc9ba883fa36bc5fc98ab325064ffff0ba2230d
Saved/PersistentDownloadDir/CMS/Assets/T_UI_Store_SplitCoin-1.png,cms-asset,322602,2026-07-15T17:25:22Z,f46ae46c9b4599921dbc78bd24e41b2a9f2f66c13be416882e353b98ff86ffe0
Saved/PersistentDownloadDir/CMS/Assets/T_UI_Store_SplitCoin-2.png,cms-asset,483803,2026-07-15T17:25:22Z,dd063ce6f08bb1386d48eed8dbf10b5c82da77512d5814bab52211318cc893ae
Saved/PersistentDownloadDir/CMS/Assets/T_UI_Store_SplitCoin-3.png,cms-asset,507405,2026-07-15T17:25:22Z,ddd28bf12137131eb964a96014fb0fff1bf8c4d7cf45fee58356a0639e24495d
Saved/PersistentDownloadDir/CMS/Assets/T_UI_Store_SplitCoin-4.png,cms-asset,855721,2026-07-15T17:25:22Z,b558eba05d0c10d2f787f2e62cf7e4a34791231298d3fefa220ea73f37dcb601
Saved/PersistentDownloadDir/CMS/Assets/T_UI_Store_SplitCoin-5.png,cms-asset,1157807,2026-07-15T17:25:22Z,13efb4d9fbee5fde803bf2ecd7a05b4ab87bcfd455e4b7ec32dc5382b9bb14ea
Saved/PersistentDownloadDir/CMS/Assets/T_UI_Store_Upgrade-1.png,cms-asset,368210,2026-07-15T17:25:22Z,51277f688a274705dd7bebd7bf694704f62413e291ff6755818813ddea3da9f7
Saved/PersistentDownloadDir/CMS/Assets/T_UI_Store_Upgrade-2.png,cms-asset,653203,2026-07-15T17:25:22Z,ef8115baad7215b72c68f2525027224b023b938b8c940679d6843818044fbc7b
Saved/PersistentDownloadDir/CMS/Assets/T_UI_Store_Upgrade-3.png,cms-asset,935265,2026-07-15T17:25:22Z,fd25ac20c83298cc89a8af455e42eca76e0ef6d2e7e75bb44ef90192b26695e8
Saved/PersistentDownloadDir/CMS/Snapshots/bots-ACF6191886D134AC3330835FBCDA751F23846003E8BCBC15924A8F3E54219BEC,cms-snapshot,16804,2026-06-25T13:21:42Z,e9270c728a6c20c1b3821bba8b8b3e7a740452b93308fb70f63323f2b361dc35
Saved/PersistentDownloadDir/CMS/Snapshots/entitlements-757F123180E209E63AF5869A145A370DA4FDAA0B6D32011C97229D887C00CEDF,cms-snapshot,717543,2026-06-25T13:17:04Z,27744e6d691f967b838f8afddf6bfcc769724132609d640f73e7f475561ec4e7
Saved/PersistentDownloadDir/CMS/Snapshots/error-codes-A1E5BB7F64C4B2E9970758D4999ED3133B6C4B8AAB1A20CC71FEF0D46439FACB,cms-snapshot,9037,2026-06-25T13:16:52Z,5865d884d5f38a78998ed21a690249331a238b2af0b4e7e2e8faed49eb320cbd
Saved/PersistentDownloadDir/CMS/Snapshots/game-encryption-E0C42B82347FA77104C3E7242D6BDE74EDDCBA2E01949C0360AE6C6E364BFB20,cms-snapshot,81,2026-06-25T13:17:02Z,c9412c1e063b4683bc4091c8c59454a0ded4ff83b0f95883d37accc4657c79c4
Saved/PersistentDownloadDir/CMS/Snapshots/news-feed-493E7A0F94610E7F4A6EB57618CB4F62C9960606C71F47068A371C9E75111595,cms-snapshot,1088,2026-08-31T22:00:28Z,f0bab15054b17ee76a9b55b1ae7479fb62738e6d96910b3bfcb393f3b10db9bb
Saved/PersistentDownloadDir/CMS/Snapshots/news-feed-62835136B4A632175631BB7D078B8ADF53D75396F5566FE64E874879DD9BEE8F,cms-snapshot,951,2026-09-03T01:22:06Z,bfd1aaff696694565e336b428f94b1e66251f5df0db3be20e41e589cc8d67d8b
Saved/PersistentDownloadDir/CMS/Snapshots/news-feed-C61E3E1A8618F3DF3F059E95AD531DF2C2EED7FBC356DF6B0BC9CEB474BCBEEB,cms-snapshot,1088,2026-06-25T13:17:06Z,f0bab15054b17ee76a9b55b1ae7479fb62738e6d96910b3bfcb393f3b10db9bb
Saved/PersistentDownloadDir/CMS/Snapshots/price-tables-EAE5DA027F154EC1829431211E8D8AAEC15B078DF202941D1CE6F84C5D2E85DE,cms-snapshot,2336,2026-06-25T13:17:24Z,fe7f17f94043b1fde322e09911b1a55f78674711c6a47e5545dbfc1d91a0fb7d
Saved/PersistentDownloadDir/CMS/Snapshots/regions-6AC6282C8CF86C0878C9B09A6D2FE128A19ED6A8A9AE451B908ADE99E2F96DFF,cms-snapshot,1079,2026-06-25T13:17:24Z,152f9cd52296fdce3e6e37cc1bac02b7a22be8ec21208ff5eb719e369ddad641
Saved/PersistentDownloadDir/CMS/Snapshots/seasons-9695C56A0C986B6181DDBC9331F74C7437D58079008E53B3F6E4886502135138,cms-snapshot,791,2026-06-25T13:17:24Z,9b634bbbf976419cea8d40d932f9c9b8d434f05acfbada51e45d799fe560ec27
Saved/PersistentDownloadDir/CMS/Snapshots/seasons-B6F0D5B6138F9BFF3AFCB0DB3691492E41C78EB41A580E0E247F01E0A56C14C5,cms-snapshot,796,2026-08-31T22:00:36Z,ab9bd7fdadba34174ea0f9587c237c39f51f52fbc9c7a0f87fb2d885edb97a04
Saved/PersistentDownloadDir/CMS/Snapshots/stat-groups-BC50F78741DFC0AE2A9DB23449DEF910B8ABA99A21CE2CE35599BC40D9077861,cms-snapshot,1062,2026-06-25T13:17:24Z,908e7df0068b99f71764bdf8739be26e4c305c0354f710f215b9e4c6b8483497
Saved/PersistentDownloadDir/CMS/Snapshots/stat-system-aggregates-28ACE7C7AFD30721782CCD6460579F7A8FA832B4FBAEB920A0AF8B164C13204F,cms-snapshot,485,2026-06-25T13:17:24Z,7b38a185e44cea59cf6650acf79a0f9b2e35360dd87f21905f79d7a5d8e64330
Saved/PersistentDownloadDir/CMS/Snapshots/stats-leaderboards-9310991B8357601D7F22FFE39253EF3BBA37647E6EA87EF7D40CA1237FE6DD09,cms-snapshot,1175,2026-06-25T13:17:24Z,24b9afd3a32ee3d14c6ec7ac89b284217b25d7f2494617181b8a954ce0b93e61
Saved/PersistentDownloadDir/Localization/challenge-schedule-179FA040283C53C9741F29A27A9268B8191E03002DB80A27288F806C469CBDB6,localization,4307,2026-09-01T02:59:36Z,b83e8a71cae304088ca0190d296e8aba7dbfaaf28149c6235823a21c0dfd2398
Saved/PersistentDownloadDir/Localization/challenge-schedule-701B5C3109D18E27C51D52DEE3B3E28100E4FF27E92C04F153B3CB17E3EDAE49,localization,3996,2026-06-25T13:17:26Z,682391808c658a201fb7ceeca54d0bd07b835dfe086cd1cb69b708e31fe75926
Saved/PersistentDownloadDir/Localization/challenge-schedule-BC3A65E8FD9C31B9A13FF8941127679F507506247CFE30CD0C7ADECF342E4FDB,localization,4307,2026-08-31T22:00:36Z,b83e8a71cae304088ca0190d296e8aba7dbfaaf28149c6235823a21c0dfd2398
Saved/PersistentDownloadDir/Localization/challenge-schedule-E0FD9A67270EBE4520532B5F50FFA2D9F8987DD1766DB5435D88F54ECDAE4353,localization,4147,2026-07-15T17:13:12Z,2156e7fa6104bf3ed87653ddf0c354cf414c1c48ec231dc87cc9c1e38b12da7c
Saved/PersistentDownloadDir/Localization/challenge-templates-0AB61B5D5869E703D8FB527483BA705182640B4281E5475E1506D313ACD64FCA,localization,146057,2026-07-15T17:13:12Z,eec5b39dca67495cf541248993c7925e3e259cafc620d00e12da3ad66e489e22
Saved/PersistentDownloadDir/Localization/challenge-templates-65EAFE190AF3A817DD315A301085ACD01D9CAF6AC4E065BB338152A8748EE5A4,localization,146968,2026-06-25T13:17:26Z,8bfaa8c5bf169431c566e31662bcfa412dee1b6d092651d57cdc64018164793e
Saved/PersistentDownloadDir/Localization/daily-login-reward-pool-DB64BAC7C7B9D501479E30ECF7A117A3C2720AA615B5D22C87447155D3FD2809,localization,1106,2026-06-25T13:17:06Z,8080c7cd618b12391a7c16fab79ba5da1ab2c56d434ea5d0cd487a8aaf7cc75c
Saved/PersistentDownloadDir/Localization/error-codes-AF95322F483D6981C5413842235A790E325F3CFA6E4EAA5785AFDE5577D7A64D,localization,41070,2026-06-25T13:16:54Z,677553a7c10657dcfd9fb2aaaee5c8f72c83e8a761b6caca74e694183b2fa614
Saved/PersistentDownloadDir/Localization/news-feed-1688CCC3C0D03819A05C7751BF00956B67A889A77DA6BB502180374D1B4D6F58,localization,3539,2026-08-31T22:00:28Z,a18a0da2e8f442a5d5572903e82075415124d825885752b5f4e86be9718e94e8
Saved/PersistentDownloadDir/Localization/news-feed-576FA0E41D3670EAA9E3D500AE9CC67C09A4466165A4D931A22E1126862E456C,localization,3532,2026-09-03T01:22:06Z,1b25dc3b30006865920d7cf1991a2608188c7e4f549b6c501593845710067cc4
Saved/PersistentDownloadDir/Localization/news-feed-D5C0398B913A0C17BBC0C5F6ACDAC8ED7E028B9A1BBC49183A3F2E575C5FB798,localization,1331,2026-06-25T13:17:06Z,dfd3441335f0cda5e41b4d76ec99805b41424310d5be7c6961ec1e504e71d5fe
Saved/PersistentDownloadDir/Localization/playlist-groups-2C0AB1B00B80223B62193495E6C0C1B1906EA08F51A45A2D5274F7A15B10E5B5,localization,2495,2026-06-25T13:17:26Z,13e4b0fa9158f0442692c0616d176dec3cf3d2551d8fdaaef5fa8c35a81cbeb8
Saved/PersistentDownloadDir/Localization/playlist-groups-47FE27F1C9F02D94CBE93E6F88D0BB790E2BC4DF16189496B20B1CC1C7D5C56F,localization,2495,2026-08-31T22:00:36Z,13e4b0fa9158f0442692c0616d176dec3cf3d2551d8fdaaef5fa8c35a81cbeb8
Saved/PersistentDownloadDir/Localization/playlist-menus-E6F23493FBA34CFDC72B2DFEA088C2CD2982E3785404C82EA444588F7B7FE5F9,localization,960,2026-06-25T13:17:26Z,fb59ad933854a424a8a2ee1118f6f295f06fad8d821f8e9e9697919b3f81b8ba
Saved/PersistentDownloadDir/Localization/playlists-10855F4F8C701F8DD707D1FF8F8171007A6FA6A33366760F12EC8549B09AD9BF,localization,226555,2026-06-25T13:17:26Z,84223d97076a5afee264e43d5508a759137ff6c60dc4ffd8c24556c86eda4bbf
Saved/PersistentDownloadDir/Localization/playlists-55A4DF15751C4550B5D2C19183773FB39608AB3C128E5997D20E97C80CFD3A4F,localization,226930,2026-08-31T22:00:36Z,f904428bec85babb620f58d90af025f6d4645bc719a6a42a04a7d93d14ba7fe1
Saved/PersistentDownloadDir/Localization/points-events-E547EE502198CD55700CD68A54330EC996C4660431E374FFE7EBBDC4949C979E,localization,35436,2026-06-25T13:17:26Z,c5dd13ea1fa653c915c4c27bf2bfc621ce8127f34685e2af03954fa6014f85e4
Saved/PersistentDownloadDir/Localization/ranks-9D7001712467680D2A581FBF4019F92D87D92145DF8F33CC8A63961B9D65A048,localization,2516,2026-06-25T13:17:26Z,11d07fc0c174b32d23dad0fa8bcdb953431606c3625fb7bc1c9e00c00b1fe72a
Saved/PersistentDownloadDir/Localization/regions-736521296B2ED6211FF81B482FE43A71C4E3023B0C192E64B0353972AA9E0DB7,localization,2011,2026-06-25T13:17:26Z,4b17ba4cbe66400a50aa4a119258dd2b97e22a0e1eb0fc8dc79420a56f702df3
Saved/PersistentDownloadDir/Localization/store-offers-AD0BADEDB36CF3F361EFEFC13F1ABF9C16E81DFC35B027A9D71F018CC392DD1B,localization,54363,2026-06-25T13:17:26Z,e20fe6dc7a846018e7d63cb357a39b8f61b9ee4ac1cdea53e5ff585aaa5153d7
Saved/PersistentDownloadDir/Localization/store-sections-85C722FB21C3797E83F913A1A2B478EAD36C41FF354E512E890AC2066F222CB0,localization,3505,2026-06-25T13:17:26Z,3d53334bb150b6dafa44565c476ccd89d0bc134e0c54ac0d96d37c33f7d8134a
Saved/PersistentDownloadDir/Localization/store-sections-B8B38C891CC51DA3C206149232887B04C59822C1542C14BC4EF859941B86268C,localization,3501,2026-08-31T22:00:36Z,c9ab15a7ef49d22a3c3eec21083bfb78513142be56fa7ea3ef2c90a41bc8eac4
Saved/PersistentDownloadDir/Localization/store-sections-F0CB2AE8BA92A88587A2DC439EB19130B5314C1A859F3F2A0A32901F8C309CE1,localization,3505,2026-07-15T17:13:10Z,3d53334bb150b6dafa44565c476ccd89d0bc134e0c54ac0d96d37c33f7d8134a
Saved/PersistentDownloadDir/Localization/team-clash-CFAE2E3612EF6526C82637E6432BB0E86CAC2ED558A966B32148C9ACA38C33DD,localization,5249,2026-06-25T13:17:26Z,2fde5e869837d8afbfe46a2e043c1d99d4177b059ad9b8b1882d64004278e9d4
Saved/PersistentDownloadDir/Localization/xp-multipliers-1F9CE3C50988BA3A49D8197415075238EDFA518708A2821F5447F4E3FB001606,localization,1641,2026-06-25T13:17:26Z,e74ed77ceb4bf9488a3ac50f288f17b080f1538806224bc1ddef97f429530b24
Saved/PortalWars2_PCD3D_SM6.upipelinecache,render-cache,2805,2026-09-03T02:13:52Z,6bdee790926967b28904d2a2b93631853e38f911f9002f4ed4e5de778b563803
