session_id,server_host_id,udp_port,server_ready_utc,browse_utc,welcome_utc,level,game_class,deathmatch_experience_observed,deathmatch_experience_utc,iris,oodle,dtls,stateless_connect,source_log,correlated_capture,exact_endpoint_packets_in_filtered_pcap,endpoint_host_packets_any_port_in_filtered_pcap
TYE-S001,WIN-SERVER-01,30566,2026-08-29T04:05:57.499000Z,2026-08-29T04:05:59.648000Z,2026-08-29T04:06:01.211000Z,/MAP_Simulation/SimulationDivide/SimulationDivide_Main,/Game/GameModes/PortalWarsGameModeV2_BP.PortalWarsGameModeV2_BP_C,True,2026-08-29T04:06:12.157000Z,True,True,True,True,PortalWars2-backup-2026.08.29-04.17.28.log,TYE-CAP-03,0 in filtered export,0 in filtered export
TYE-S002,WIN-SERVER-02,32276,2026-08-29T04:11:09.595000Z,2026-08-29T04:11:11.775000Z,2026-08-29T04:11:13.280000Z,/MAP_Simulation/SimulationMoshpit/SimulationMoshpit_Main,/Game/GameModes/PortalWarsGameModeV2_BP.PortalWarsGameModeV2_BP_C,True,2026-08-29T04:11:18.087000Z,True,True,True,True,PortalWars2-backup-2026.08.29-04.17.28.log,TYE-CAP-03,0 in filtered export,0 in filtered export
TYE-S003,WIN-SERVER-01,30485,2026-08-29T05:42:44.816000Z,2026-08-29T05:42:46.965000Z,2026-08-29T05:42:48.420000Z,/MAP_Eden/Eden_Main,/Game/GameModes/PortalWarsGameModeV2_BP.PortalWarsGameModeV2_BP_C,True,2026-08-29T05:42:59.340000Z,True,True,True,True,PortalWars2-backup-2026.08.29-09.42.16.log,TYE-CAP-04,0 in filtered export,0 in filtered export
TYE-S004,WIN-SERVER-03,30064,2026-08-29T05:50:41.855000Z,2026-08-29T05:50:44.021000Z,2026-08-29T05:50:45.456000Z,/MAP_Hammerhead/Hammerhead_Main,/Game/GameModes/PortalWarsGameModeV2_BP.PortalWarsGameModeV2_BP_C,True,2026-08-29T05:50:51.087000Z,True,True,True,True,PortalWars2-backup-2026.08.29-09.42.16.log,TYE-CAP-04,0 in filtered export,0 in filtered export
TYE-S005,WIN-SERVER-01,30070,2026-08-29T05:58:49.907000Z,2026-08-29T05:58:52.106000Z,2026-08-29T05:58:53.555000Z,/MAP_Foregone_Destruction/Maps/Foregone_Destruction,/Game/GameModes/PortalWarsGameModeV2_BP.PortalWarsGameModeV2_BP_C,False,,True,True,True,True,PortalWars2-backup-2026.08.29-09.42.16.log,TYE-CAP-04,0 in filtered export,0 in filtered export
TYE-S006,WIN-SERVER-04,32611,2026-08-29T06:06:38.826000Z,2026-08-29T06:06:40.991000Z,2026-08-29T06:06:42.563000Z,/MAP_Ozone_Night/Ozone_Night_Main,/Game/GameModes/PortalWarsGameModeV2_BP.PortalWarsGameModeV2_BP_C,True,2026-08-29T06:19:26.625000Z,True,True,True,True,PortalWars2-backup-2026.08.29-09.42.16.log,TYE-CAP-04,0 in filtered export,0 in filtered export
TYE-S007,WIN-SERVER-05,31931,2026-08-29T06:18:49.442000Z,2026-08-29T06:18:51.608000Z,2026-08-29T06:18:52.995000Z,/MAP_Karman_Station/Karman_Station_Main,/Game/GameModes/PortalWarsGameModeV2_BP.PortalWarsGameModeV2_BP_C,True,2026-08-29T06:19:26.625000Z,True,True,True,True,PortalWars2-backup-2026.08.29-09.42.16.log,TYE-CAP-04,0 in filtered export,0 in filtered export
TYE-S008,WIN-SERVER-05,30954,2026-08-29T06:25:55.191000Z,2026-08-29T06:25:57.357000Z,2026-08-29T06:25:58.728000Z,/MAP_Oasis/Maps/Oasis_Main,/Game/GameModes/PortalWarsGameModeV2_BP.PortalWarsGameModeV2_BP_C,True,2026-08-29T06:26:04.394000Z,True,True,True,True,PortalWars2-backup-2026.08.29-09.42.16.log,TYE-CAP-04,0 in filtered export,0 in filtered export
TYE-S009,WIN-SERVER-06,31485,2026-08-29T06:33:18.553000Z,2026-08-29T06:33:20.712000Z,2026-08-29T06:33:22.193000Z,/MAP_Core/Core_Main,/Game/GameModes/PortalWarsGameModeV2_BP.PortalWarsGameModeV2_BP_C,True,2026-08-29T06:33:28.880000Z,True,True,True,True,PortalWars2-backup-2026.08.29-09.42.16.log,TYE-CAP-04,0 in filtered export,0 in filtered export
TYE-S010,WIN-SERVER-01,32349,2026-08-29T06:41:26.573000Z,2026-08-29T06:41:28.739000Z,2026-08-29T06:41:30.190000Z,/MAP_Containment/Containment_Main,/Game/GameModes/PortalWarsGameModeV2_BP.PortalWarsGameModeV2_BP_C,False,,True,True,True,True,PortalWars2-backup-2026.08.29-09.42.16.log,TYE-CAP-04,0 in filtered export,0 in filtered export
TYE-S011,WIN-SERVER-07,30265,2026-08-29T07:04:39.049000Z,2026-08-29T07:04:41.215000Z,2026-08-29T07:04:42.803000Z,/MAP_TriHard/TriHard_Main,/Game/GameModes/PortalWarsGameModeV2_BP.PortalWarsGameModeV2_BP_C,True,2026-08-29T07:04:49.518000Z,True,True,True,True,PortalWars2-backup-2026.08.29-09.42.16.log,,UNTESTED,UNTESTED
TYE-S012,WIN-SERVER-01,31009,2026-08-29T07:16:13.000000Z,2026-08-29T07:16:15.166000Z,2026-08-29T07:16:16.618000Z,/MAP_Zenith/Zenith_Main,/Game/GameModes/PortalWarsGameModeV2_BP.PortalWarsGameModeV2_BP_C,True,2026-08-29T07:16:54.485000Z,True,True,True,True,PortalWars2-backup-2026.08.29-09.42.16.log,,UNTESTED,UNTESTED
TYE-S013,WIN-SERVER-08,31292,2026-08-29T07:27:32.921000Z,2026-08-29T07:27:35.087000Z,2026-08-29T07:27:36.703000Z,/MAP_Core/Core_Main,/Game/GameModes/PortalWarsGameModeV2_BP.PortalWarsGameModeV2_BP_C,True,2026-08-29T07:27:47.189000Z,True,True,True,True,PortalWars2-backup-2026.08.29-09.42.16.log,,UNTESTED,UNTESTED
TYE-S014,WIN-SERVER-05,31325,2026-08-29T07:37:42.058000Z,2026-08-29T07:37:44.257000Z,2026-08-29T07:37:45.680000Z,/MAP_Stadium/StadiumV2_Main,/Game/GameModes/PortalWarsGameModeV2_BP.PortalWarsGameModeV2_BP_C,True,2026-08-29T07:38:24.747000Z,True,True,True,True,PortalWars2-backup-2026.08.29-09.42.16.log,,UNTESTED,UNTESTED
TYE-S015,WIN-SERVER-09,31601,2026-08-29T07:47:58.902000Z,2026-08-29T07:48:01.051000Z,2026-08-29T07:48:02.574000Z,/MAP_Frontier/Frontier_Main,/Game/GameModes/PortalWarsGameModeV2_BP.PortalWarsGameModeV2_BP_C,True,2026-08-29T08:02:05.305000Z,True,True,True,True,PortalWars2-backup-2026.08.29-09.42.16.log,,UNTESTED,UNTESTED
TYE-S016,WIN-SERVER-05,30086,2026-08-29T08:01:23.099000Z,2026-08-29T08:01:25.249000Z,2026-08-29T08:01:26.687000Z,/MAP_Ozone_Night/Ozone_Night_Main,/Game/GameModes/PortalWarsGameModeV2_BP.PortalWarsGameModeV2_BP_C,True,2026-08-29T08:02:05.305000Z,True,True,True,True,PortalWars2-backup-2026.08.29-09.42.16.log,,UNTESTED,UNTESTED
TYE-S017,WIN-SERVER-05,32072,2026-08-29T08:09:37.571000Z,2026-08-29T08:09:39.736000Z,2026-08-29T08:09:41.109000Z,/MAP_Frontier/Frontier_Main,/Game/GameModes/PortalWarsGameModeV2_BP.PortalWarsGameModeV2_BP_C,True,2026-08-29T08:09:56.853000Z,True,True,True,True,PortalWars2-backup-2026.08.29-09.42.16.log,,UNTESTED,UNTESTED
TYE-S018,WIN-SERVER-01,31993,2026-08-29T08:27:22.427000Z,2026-08-29T08:27:24.576000Z,2026-08-29T08:27:26.008000Z,/MAP_Core/Core_Main,/Game/GameModes/PortalWarsGameModeV2_BP.PortalWarsGameModeV2_BP_C,True,2026-08-29T08:27:32.656000Z,True,True,True,True,PortalWars2-backup-2026.08.29-09.42.16.log,,UNTESTED,UNTESTED
TYE-S019,WIN-SERVER-06,31243,2026-08-29T08:48:42.105000Z,2026-08-29T08:48:44.255000Z,2026-08-29T08:48:45.713000Z,/MAP_Abyss/Maps/Abyss_Main,/Game/GameModes/PortalWarsGameModeV2_BP.PortalWarsGameModeV2_BP_C,True,2026-08-29T08:49:09.897000Z,True,True,True,True,PortalWars2-backup-2026.08.29-09.42.16.log,,UNTESTED,UNTESTED
TYE-S020,WIN-SERVER-01,31738,2026-08-29T08:50:40.245000Z,2026-08-29T08:50:42.395000Z,2026-08-29T08:50:43.745000Z,/MAP_Simulation/SimulationCharlie/SimulationCharlie_Main,/Game/GameModes/PortalWarsGameModeV2_BP.PortalWarsGameModeV2_BP_C,True,2026-08-29T08:50:56.040000Z,True,True,True,True,PortalWars2-backup-2026.08.29-09.42.16.log,,UNTESTED,UNTESTED
TYE-S021,WIN-SERVER-05,30546,2026-08-29T08:56:53.491000Z,2026-08-29T08:56:55.657000Z,2026-08-29T08:56:57.105000Z,/MAP_Simulation/SimulationCharlie/SimulationCharlie_Main,/Game/GameModes/PortalWarsGameModeV2_BP.PortalWarsGameModeV2_BP_C,True,2026-08-29T08:57:10.501000Z,True,True,True,True,PortalWars2-backup-2026.08.29-09.42.16.log,,UNTESTED,UNTESTED
TYE-S022,WIN-SERVER-06,31432,2026-08-29T09:03:36.826000Z,2026-08-29T09:03:39.005000Z,2026-08-29T09:03:40.434000Z,/MAP_Simulation/SimulationCharlie/SimulationCharlie_Main,/Game/GameModes/PortalWarsGameModeV2_BP.PortalWarsGameModeV2_BP_C,True,2026-08-29T09:03:50.784000Z,True,True,True,True,PortalWars2-backup-2026.08.29-09.42.16.log,,UNTESTED,UNTESTED
TYE-S023,WIN-SERVER-06,30357,2026-08-29T09:09:18.746000Z,2026-08-29T09:09:20.912000Z,2026-08-29T09:09:22.360000Z,/MAP_Simulation/SimulationCharlie/SimulationCharlie_Main,/Game/GameModes/PortalWarsGameModeV2_BP.PortalWarsGameModeV2_BP_C,True,2026-08-29T09:09:59.740000Z,True,True,True,True,PortalWars2-backup-2026.08.29-09.42.16.log,,UNTESTED,UNTESTED
TYE-S024,WIN-SERVER-06,31455,2026-08-29T09:18:53.781000Z,2026-08-29T09:18:55.947000Z,2026-08-29T09:18:57.426000Z,/MAP_Simulation/SimulationDivide/SimulationDivide_Main,/Game/GameModes/PortalWarsGameModeV2_BP.PortalWarsGameModeV2_BP_C,True,2026-08-29T09:19:11.187000Z,True,True,True,True,PortalWars2-backup-2026.08.29-09.42.16.log,,UNTESTED,UNTESTED
TYE-S025,WIN-SERVER-06,30654,2026-08-29T09:27:47.547000Z,2026-08-29T09:27:49.713000Z,2026-08-29T09:27:51.166000Z,/MAP_Stadium/StadiumV2_Main,/Game/GameModes/PortalWarsGameModeV2_BP.PortalWarsGameModeV2_BP_C,True,2026-08-29T09:28:10.600000Z,True,True,True,True,PortalWars2-backup-2026.08.29-09.42.16.log,,UNTESTED,UNTESTED
TYE-S026,WIN-SERVER-06,31164,2026-08-29T09:33:10.737000Z,2026-08-29T09:33:12.916000Z,2026-08-29T09:33:14.312000Z,/MAP_Stadium/StadiumV2_Main,/Game/GameModes/PortalWarsGameModeV2_BP.PortalWarsGameModeV2_BP_C,True,2026-08-29T09:33:19.870000Z,True,True,True,True,PortalWars2-backup-2026.08.29-09.42.16.log,,UNTESTED,UNTESTED
TYE-S027,WIN-SERVER-06,31652,2026-08-29T09:34:53.823000Z,2026-08-29T09:34:55.972000Z,2026-08-29T09:34:57.469000Z,/MAP_Stadium/StadiumV2_Main,/Game/GameModes/PortalWarsGameModeV2_BP.PortalWarsGameModeV2_BP_C,True,2026-08-29T09:35:09.144000Z,True,True,True,True,PortalWars2-backup-2026.08.29-09.42.16.log,,UNTESTED,UNTESTED
TYE-S028,WIN-SERVER-10,31034,2026-08-30T01:41:11.773000Z,2026-08-30T01:41:13.922000Z,2026-08-30T01:41:15.603000Z,/MAP_Frontier/Frontier_Main,/Game/GameModes/PortalWarsGameModeV2_BP.PortalWarsGameModeV2_BP_C,True,2026-08-30T01:41:21.778000Z,True,True,True,True,PortalWars2-backup-2026.08.30-02.05.20.log,,UNTESTED,UNTESTED
TYE-S029,WIN-SERVER-10,32005,2026-08-30T01:49:59.854000Z,2026-08-30T01:50:02.054000Z,2026-08-30T01:50:03.669000Z,/MAP_Creative_WetOcean/WetOcean_Main,/Game/GameModes/PortalWarsGameModeV2_BP.PortalWarsGameModeV2_BP_C,False,,True,True,True,True,PortalWars2-backup-2026.08.30-02.05.20.log,,UNTESTED,UNTESTED
TYE-S030,WIN-SERVER-11,32124,2026-08-30T04:36:32.479000Z,2026-08-30T04:36:34.644000Z,2026-08-30T04:36:36.111000Z,/MAP_Core/Core_Main,/Game/GameModes/PortalWarsGameModeV2_BP.PortalWarsGameModeV2_BP_C,True,2026-08-30T04:36:44.965000Z,True,True,True,True,PortalWars2-backup-2026.08.30-05.59.50.log,,UNTESTED,UNTESTED
TYE-S031,WIN-SERVER-12,32364,2026-08-30T04:44:48.938000Z,2026-08-30T04:44:51.137000Z,2026-08-30T04:44:52.620000Z,/MAP_Core/Core_Main,/Game/GameModes/PortalWarsGameModeV2_BP.PortalWarsGameModeV2_BP_C,True,2026-08-30T04:45:27.996000Z,True,True,True,True,PortalWars2-backup-2026.08.30-05.59.50.log,,UNTESTED,UNTESTED
TYE-S032,WIN-SERVER-01,30777,2026-08-30T04:53:58.488000Z,2026-08-30T04:54:00.668000Z,2026-08-30T04:54:02.097000Z,/MAP_Containment/Containment_Main,/Game/GameModes/PortalWarsGameModeV2_BP.PortalWarsGameModeV2_BP_C,True,2026-08-30T05:02:42.819000Z,True,True,True,True,PortalWars2-backup-2026.08.30-05.59.50.log,,UNTESTED,UNTESTED
TYE-S033,WIN-SERVER-12,31707,2026-08-30T05:02:28.751000Z,2026-08-30T05:02:30.817000Z,2026-08-30T05:02:32.361000Z,/MAP_Containment/Containment_Main,/Game/GameModes/PortalWarsGameModeV2_BP.PortalWarsGameModeV2_BP_C,True,2026-08-30T05:02:42.819000Z,True,True,True,True,PortalWars2-backup-2026.08.30-05.59.50.log,,UNTESTED,UNTESTED
TYE-S034,WIN-SERVER-06,31102,2026-08-30T05:08:27.582000Z,2026-08-30T05:08:29.847000Z,2026-08-30T05:08:31.309000Z,/MAP_Karman_Station/Karman_Station_Main,/Game/GameModes/PortalWarsGameModeV2_BP.PortalWarsGameModeV2_BP_C,True,2026-08-30T05:09:15.579000Z,True,True,True,True,PortalWars2-backup-2026.08.30-05.59.50.log,,UNTESTED,UNTESTED
TYE-S035,WIN-SERVER-06,30734,2026-08-30T05:17:48.490000Z,2026-08-30T05:17:50.656000Z,2026-08-30T05:17:52.077000Z,/MAP_Oasis/Maps/Oasis_Main,/Game/GameModes/PortalWarsGameModeV2_BP.PortalWarsGameModeV2_BP_C,True,2026-08-30T05:18:27.821000Z,True,True,True,True,PortalWars2-backup-2026.08.30-05.59.50.log,,UNTESTED,UNTESTED
TYE-S036,WIN-SERVER-13,30243,2026-08-30T05:26:15.342000Z,2026-08-30T05:26:17.542000Z,2026-08-30T05:26:19.021000Z,/MAP_Runway/Runway_Main,/Game/GameModes/PortalWarsGameModeV2_BP.PortalWarsGameModeV2_BP_C,True,2026-08-30T05:26:31.753000Z,True,True,True,True,PortalWars2-backup-2026.08.30-05.59.50.log,,UNTESTED,UNTESTED
TYE-S037,WIN-SERVER-04,31670,2026-08-30T05:40:57.880000Z,2026-08-30T05:41:00.029000Z,2026-08-30T05:41:01.791000Z,/MAP_Bypass/Bypass_Main,/Game/GameModes/PortalWarsGameModeV2_BP.PortalWarsGameModeV2_BP_C,True,2026-08-30T05:52:06.399000Z,True,True,True,True,PortalWars2-backup-2026.08.30-05.59.50.log,,UNTESTED,UNTESTED
TYE-S038,WIN-SERVER-06,31410,2026-08-30T05:51:25.783000Z,2026-08-30T05:51:27.949000Z,2026-08-30T05:51:29.303000Z,/MAP_Terra13/Terra13_Main,/Game/GameModes/PortalWarsGameModeV2_BP.PortalWarsGameModeV2_BP_C,True,2026-08-30T05:52:06.399000Z,True,True,True,True,PortalWars2-backup-2026.08.30-05.59.50.log,,UNTESTED,UNTESTED
TYE-S039,WIN-SERVER-06,32224,2026-08-30T06:03:36.804000Z,2026-08-30T06:03:39.003000Z,2026-08-30T06:03:40.491000Z,/MAP_Runway/Runway_Main,/Game/GameModes/PortalWarsGameModeV2_BP.PortalWarsGameModeV2_BP_C,False,,True,True,True,True,PortalWars2-backup-2026.08.30-08.22.33.log,,UNTESTED,UNTESTED
TYE-S040,WIN-SERVER-01,31877,2026-08-30T06:13:21.013000Z,2026-08-30T06:13:23.212000Z,2026-08-30T06:13:24.628000Z,/MAP_Grit/Grit_Main,/Game/GameModes/PortalWarsGameModeV2_BP.PortalWarsGameModeV2_BP_C,True,2026-08-30T06:21:08.178000Z,True,True,True,True,PortalWars2-backup-2026.08.30-08.22.33.log,,UNTESTED,UNTESTED
TYE-S041,WIN-SERVER-01,31647,2026-08-30T06:20:58.977000Z,2026-08-30T06:21:01.127000Z,2026-08-30T06:21:02.623000Z,/MAP_Frontier/Frontier_Main,/Game/GameModes/PortalWarsGameModeV2_BP.PortalWarsGameModeV2_BP_C,True,2026-08-30T06:21:08.178000Z,True,True,True,True,PortalWars2-backup-2026.08.30-08.22.33.log,,UNTESTED,UNTESTED
TYE-S042,WIN-SERVER-03,31730,2026-08-30T06:32:44.867000Z,2026-08-30T06:32:47.067000Z,2026-08-30T06:32:48.530000Z,/MAP_Containment/Containment_Main,/Game/GameModes/PortalWarsGameModeV2_BP.PortalWarsGameModeV2_BP_C,False,,True,True,True,True,PortalWars2-backup-2026.08.30-08.22.33.log,,UNTESTED,UNTESTED
TYE-S043,WIN-SERVER-06,31813,2026-08-30T06:41:23.739000Z,2026-08-30T06:41:25.905000Z,2026-08-30T06:41:27.336000Z,/MAP_Stadium/StadiumV2_Main,/Game/GameModes/PortalWarsGameModeV2_BP.PortalWarsGameModeV2_BP_C,True,2026-08-30T06:53:45.907000Z,True,True,True,True,PortalWars2-backup-2026.08.30-08.22.33.log,,UNTESTED,UNTESTED
TYE-S044,WIN-SERVER-02,32711,2026-08-30T06:53:38.039000Z,2026-08-30T06:53:40.205000Z,2026-08-30T06:53:41.770000Z,/MAP_Simulation/SimulationHectic/SimulationHectic_Main,/Game/GameModes/PortalWarsGameModeV2_BP.PortalWarsGameModeV2_BP_C,True,2026-08-30T06:53:45.907000Z,True,True,True,True,PortalWars2-backup-2026.08.30-08.22.33.log,,UNTESTED,UNTESTED
TYE-S045,WIN-SERVER-14,32260,2026-08-30T07:03:35.715000Z,2026-08-30T07:03:37.882000Z,2026-08-30T07:03:39.482000Z,/MAP_Grit/Grit_Main,/Game/GameModes/PortalWarsGameModeV2_BP.PortalWarsGameModeV2_BP_C,True,2026-08-30T07:05:17.783000Z,True,True,True,True,PortalWars2-backup-2026.08.30-08.22.33.log,,UNTESTED,UNTESTED
TYE-S046,WIN-SERVER-15,30866,2026-08-30T07:11:05.162000Z,2026-08-30T07:11:07.362000Z,2026-08-30T07:11:08.719000Z,/MAP_Bypass/Bypass_Main,/Game/GameModes/PortalWarsGameModeV2_BP.PortalWarsGameModeV2_BP_C,False,,True,True,True,True,PortalWars2-backup-2026.08.30-08.22.33.log,,UNTESTED,UNTESTED
TYE-S047,WIN-SERVER-16,32433,2026-08-30T07:17:30.678000Z,2026-08-30T07:17:32.877000Z,2026-08-30T07:17:34.262000Z,/MAP_Karman_Station/Karman_Station_Main,/Game/GameModes/PortalWarsGameModeV2_BP.PortalWarsGameModeV2_BP_C,False,,True,True,True,True,PortalWars2-backup-2026.08.30-08.22.33.log,,UNTESTED,UNTESTED
TYE-S048,WIN-SERVER-09,30781,2026-08-30T07:28:07.127000Z,2026-08-30T07:28:09.284000Z,2026-08-30T07:28:10.834000Z,/MAP_Containment/Containment_Main,/Game/GameModes/PortalWarsGameModeV2_BP.PortalWarsGameModeV2_BP_C,False,,True,True,True,True,PortalWars2-backup-2026.08.30-08.22.33.log,,UNTESTED,UNTESTED
TYE-S049,WIN-SERVER-02,30961,2026-08-30T07:34:27.662000Z,2026-08-30T07:34:29.811000Z,2026-08-30T07:34:31.395000Z,/MAP_Ozone_Night/Ozone_Night_Main,/Game/GameModes/PortalWarsGameModeV2_BP.PortalWarsGameModeV2_BP_C,False,,True,True,True,True,PortalWars2-backup-2026.08.30-08.22.33.log,,UNTESTED,UNTESTED
TYE-S050,WIN-SERVER-17,32046,2026-08-30T07:44:42.176000Z,2026-08-30T07:44:44.375000Z,2026-08-30T07:44:45.935000Z,/MAP_Creative_WetOcean/WetOcean_Main,/Game/GameModes/PortalWarsGameModeV2_BP.PortalWarsGameModeV2_BP_C,False,,True,True,True,True,PortalWars2-backup-2026.08.30-08.22.33.log,,UNTESTED,UNTESTED
TYE-S051,WIN-SERVER-15,31566,2026-08-30T07:54:03.016000Z,2026-08-30T07:54:05.182000Z,2026-08-30T07:54:06.577000Z,/MAP_Frontier/Frontier_Main,/Game/GameModes/PortalWarsGameModeV2_BP.PortalWarsGameModeV2_BP_C,False,,True,True,True,True,PortalWars2-backup-2026.08.30-08.22.33.log,,UNTESTED,UNTESTED
TYE-S052,WIN-SERVER-06,31814,2026-08-30T08:14:30.518000Z,2026-08-30T08:14:32.667000Z,2026-08-30T08:14:34.083000Z,/MAP_TriHard/TriHard_Main,/Game/GameModes/PortalWarsGameModeV2_BP.PortalWarsGameModeV2_BP_C,False,,True,True,True,True,PortalWars2-backup-2026.08.30-08.22.33.log,,UNTESTED,UNTESTED
TYE-S053,WIN-SERVER-06,30906,2026-08-30T08:19:57.996000Z,2026-08-30T08:20:00.161000Z,2026-08-30T08:20:01.554000Z,/MAP_TriHard/TriHard_Main,/Game/GameModes/PortalWarsGameModeV2_BP.PortalWarsGameModeV2_BP_C,False,,True,True,True,True,PortalWars2-backup-2026.08.30-08.22.33.log,,UNTESTED,UNTESTED
TYE-S054,WIN-SERVER-06,31539,2026-08-30T08:26:48.236000Z,2026-08-30T08:26:50.385000Z,2026-08-30T08:26:51.847000Z,/MAP_TriHard/TriHard_Main,/Game/GameModes/PortalWarsGameModeV2_BP.PortalWarsGameModeV2_BP_C,False,,True,True,True,True,PortalWars2-backup-2026.08.30-08.35.46.log,,UNTESTED,UNTESTED
TYE-S055,WIN-SERVER-05,31420,2026-09-01T06:12:04.313000Z,2026-09-01T06:12:06.479000Z,2026-09-01T06:12:07.912000Z,/MAP_Abyss/Maps/Abyss_Main,/Game/GameModes/PortalWarsGameModeV2_BP.PortalWarsGameModeV2_BP_C,True,2026-09-01T06:24:39.281000Z,True,True,True,True,PortalWars2-backup-2026.09.01-07.40.33.log,,UNTESTED,UNTESTED
TYE-S056,WIN-SERVER-14,30605,2026-09-01T06:23:58.578000Z,2026-09-01T06:24:00.727000Z,2026-09-01T06:24:02.292000Z,/MAP_Core/Core_Main,/Game/GameModes/PortalWarsGameModeV2_BP.PortalWarsGameModeV2_BP_C,True,2026-09-01T06:24:39.281000Z,True,True,True,True,PortalWars2-backup-2026.09.01-07.40.33.log,,UNTESTED,UNTESTED
TYE-S057,WIN-SERVER-18,31319,2026-09-01T06:34:57.452000Z,2026-09-01T06:34:59.618000Z,2026-09-01T06:35:01.317000Z,/MAP_Zenith/Zenith_Main,/Game/GameModes/PortalWarsGameModeV2_BP.PortalWarsGameModeV2_BP_C,True,2026-09-01T06:44:09.320000Z,True,True,True,True,PortalWars2-backup-2026.09.01-07.40.33.log,,UNTESTED,UNTESTED
TYE-S058,WIN-SERVER-19,31644,2026-09-01T06:43:58.289000Z,2026-09-01T06:44:00.438000Z,2026-09-01T06:44:01.818000Z,/MAP_Karman_Station/Karman_Station_Main,/Game/GameModes/PortalWarsGameModeV2_BP.PortalWarsGameModeV2_BP_C,True,2026-09-01T06:44:09.320000Z,True,True,True,True,PortalWars2-backup-2026.09.01-07.40.33.log,,UNTESTED,UNTESTED
TYE-S059,WIN-SERVER-18,30441,2026-09-01T07:00:44.924000Z,2026-09-01T07:00:47.090000Z,2026-09-01T07:00:48.704000Z,/MAP_Frontier/Frontier_Main,/Game/GameModes/PortalWarsGameModeV2_BP.PortalWarsGameModeV2_BP_C,False,,True,True,True,True,PortalWars2-backup-2026.09.01-07.40.33.log,,UNTESTED,UNTESTED
TYE-S060,WIN-SERVER-14,31671,2026-09-01T07:13:46.035000Z,2026-09-01T07:13:48.234000Z,2026-09-01T07:13:49.869000Z,/MAP_Foregone_Destruction/Maps/Foregone_Destruction,/Game/GameModes/PortalWarsGameModeV2_BP.PortalWarsGameModeV2_BP_C,True,2026-09-01T07:24:36.979000Z,True,True,True,True,PortalWars2-backup-2026.09.01-07.40.33.log,,UNTESTED,UNTESTED
TYE-S061,WIN-SERVER-09,30930,2026-09-01T07:23:57.480000Z,2026-09-01T07:23:59.679000Z,2026-09-01T07:24:01.409000Z,/MAP_Foregone_Destruction/Maps/Foregone_Destruction,/Game/GameModes/PortalWarsGameModeV2_BP.PortalWarsGameModeV2_BP_C,True,2026-09-01T07:24:36.979000Z,True,True,True,True,PortalWars2-backup-2026.09.01-07.40.33.log,,UNTESTED,UNTESTED
TYE-S062,WIN-SERVER-09,30907,2026-09-01T07:29:03.884000Z,2026-09-01T07:29:06.033000Z,2026-09-01T07:29:08.573000Z,/MAP_Oasis/Maps/Oasis_Main,/Game/GameModes/PortalWarsGameModeV2_BP.PortalWarsGameModeV2_BP_C,True,2026-09-01T07:29:44.341000Z,True,True,True,True,PortalWars2-backup-2026.09.01-07.40.33.log,,UNTESTED,UNTESTED
TYE-S063,WIN-SERVER-20,32620,2026-09-01T07:35:07.777000Z,2026-09-01T07:35:09.926000Z,2026-09-01T07:35:11.456000Z,/MAP_Core/Core_Main,/Game/GameModes/PortalWarsGameModeV2_BP.PortalWarsGameModeV2_BP_C,True,2026-09-01T07:35:18.198000Z,True,True,True,True,PortalWars2-backup-2026.09.01-07.40.33.log,,UNTESTED,UNTESTED
TYE-S064,WIN-SERVER-20,31344,2026-09-01T07:45:39.107000Z,2026-09-01T07:45:41.273000Z,2026-09-01T07:45:42.979000Z,/MAP_Bypass/Bypass_Main,/Game/GameModes/PortalWarsGameModeV2_BP.PortalWarsGameModeV2_BP_C,True,2026-09-01T07:45:49.034000Z,True,True,True,True,PortalWars2-backup-2026.09.01-10.22.32.log,,UNTESTED,UNTESTED
TYE-S065,WIN-SERVER-20,31119,2026-09-01T07:51:51.684000Z,2026-09-01T07:51:53.850000Z,2026-09-01T07:51:55.354000Z,/MAP_Karman_Station/Karman_Station_Main,/Game/GameModes/PortalWarsGameModeV2_BP.PortalWarsGameModeV2_BP_C,True,2026-09-01T07:52:00.945000Z,True,True,True,True,PortalWars2-backup-2026.09.01-10.22.32.log,,UNTESTED,UNTESTED
TYE-S066,WIN-SERVER-18,32033,2026-09-01T07:56:56.864000Z,2026-09-01T07:56:59.014000Z,2026-09-01T07:57:00.504000Z,/MAP_Grit/Grit_Main,/Game/GameModes/PortalWarsGameModeV2_BP.PortalWarsGameModeV2_BP_C,True,2026-09-01T07:57:06.858000Z,True,True,True,True,PortalWars2-backup-2026.09.01-10.22.32.log,,UNTESTED,UNTESTED
TYE-S067,WIN-SERVER-20,32188,2026-09-01T08:04:07.676000Z,2026-09-01T08:04:09.842000Z,2026-09-01T08:04:11.386000Z,/MAP_Stadium/StadiumV2_Main,/Game/GameModes/PortalWarsGameModeV2_BP.PortalWarsGameModeV2_BP_C,True,2026-09-01T08:04:17.076000Z,True,True,True,True,PortalWars2-backup-2026.09.01-10.22.32.log,,UNTESTED,UNTESTED
TYE-S068,WIN-SERVER-17,30647,2026-09-01T08:18:52.797000Z,2026-09-01T08:18:54.946000Z,2026-09-01T08:18:56.462000Z,/MAP_Simulation/SimulationDivide/SimulationDivide_Main,/Game/GameModes/PortalWarsGameModeV2_BP.PortalWarsGameModeV2_BP_C,True,2026-09-01T08:19:00.760000Z,True,True,True,True,PortalWars2-backup-2026.09.01-10.22.32.log,,UNTESTED,UNTESTED
TYE-S069,WIN-SERVER-14,30618,2026-09-01T08:25:28.868000Z,2026-09-01T08:25:31.017000Z,2026-09-01T08:25:32.488000Z,/MAP_Simulation/SimulationFaceoff/SimulationFaceoff_Main,/Game/GameModes/PortalWarsGameModeV2_BP.PortalWarsGameModeV2_BP_C,True,2026-09-01T08:25:39.420000Z,True,True,True,True,PortalWars2-backup-2026.09.01-10.22.32.log,,UNTESTED,UNTESTED
TYE-S070,WIN-SERVER-20,31107,2026-09-01T08:37:30.446000Z,2026-09-01T08:37:32.612000Z,2026-09-01T08:37:34.343000Z,/MAP_Creative_WetOcean/WetOcean_Main,/Game/GameModes/PortalWarsGameModeV2_BP.PortalWarsGameModeV2_BP_C,True,2026-09-01T08:37:55.029000Z,True,True,True,True,PortalWars2-backup-2026.09.01-10.22.32.log,,UNTESTED,UNTESTED
TYE-S071,WIN-SERVER-14,31773,2026-09-01T08:47:57.926000Z,2026-09-01T08:48:00.092000Z,2026-09-01T08:48:01.820000Z,/MAP_Creative_WetOcean/WetOcean_Main,/Game/GameModes/PortalWarsGameModeV2_BP.PortalWarsGameModeV2_BP_C,True,2026-09-01T09:01:19.142000Z,True,True,True,True,PortalWars2-backup-2026.09.01-10.22.32.log,,UNTESTED,UNTESTED
TYE-S072,WIN-SERVER-20,32049,2026-09-01T09:00:46.237000Z,2026-09-01T09:00:48.403000Z,2026-09-01T09:00:50.024000Z,/MAP_Academy/Academy_Main,/Game/GameModes/PortalWarsGameModeV2_BP.PortalWarsGameModeV2_BP_C,True,2026-09-01T09:01:19.142000Z,True,True,True,True,PortalWars2-backup-2026.09.01-10.22.32.log,,UNTESTED,UNTESTED
TYE-S073,WIN-SERVER-17,31916,2026-09-01T09:09:11.538000Z,2026-09-01T09:09:13.704000Z,2026-09-01T09:09:15.238000Z,/MAP_Grit/Grit_Main,/Game/GameModes/PortalWarsGameModeV2_BP.PortalWarsGameModeV2_BP_C,True,2026-09-01T09:09:59.438000Z,True,True,True,True,PortalWars2-backup-2026.09.01-10.22.32.log,,UNTESTED,UNTESTED
TYE-S074,WIN-SERVER-05,30173,2026-09-01T09:25:45.901000Z,2026-09-01T09:25:48.050000Z,2026-09-01T09:25:49.464000Z,/MAP_TriHard/TriHard_Main,/Game/GameModes/PortalWarsGameModeV2_BP.PortalWarsGameModeV2_BP_C,False,,True,True,True,True,PortalWars2-backup-2026.09.01-10.22.32.log,,UNTESTED,UNTESTED
TYE-S075,WIN-SERVER-18,32239,2026-09-01T09:40:41.705000Z,2026-09-01T09:40:43.854000Z,2026-09-01T09:40:45.368000Z,/MAP_Oasis/Maps/Oasis_Main,/Game/GameModes/PortalWarsGameModeV2_BP.PortalWarsGameModeV2_BP_C,False,,True,True,True,True,PortalWars2-backup-2026.09.01-10.22.32.log,,UNTESTED,UNTESTED
TYE-S076,WIN-SERVER-20,31698,2026-09-01T09:46:25.206000Z,2026-09-01T09:46:27.357000Z,2026-09-01T09:46:29.003000Z,/MAP_Core/Core_Main,/Game/GameModes/PortalWarsGameModeV2_BP.PortalWarsGameModeV2_BP_C,False,,True,True,True,True,PortalWars2-backup-2026.09.01-10.22.32.log,,UNTESTED,UNTESTED
TYE-S077,WIN-SERVER-20,30162,2026-09-01T09:59:59.277000Z,2026-09-01T10:00:01.426000Z,2026-09-01T10:00:03.023000Z,/MAP_Runway/Runway_Main,/Game/GameModes/PortalWarsGameModeV2_BP.PortalWarsGameModeV2_BP_C,True,2026-09-01T10:13:20.157000Z,True,True,True,True,PortalWars2-backup-2026.09.01-10.22.32.log,,UNTESTED,UNTESTED
TYE-S078,WIN-SERVER-05,31797,2026-09-01T10:13:11.599000Z,2026-09-01T10:13:13.765000Z,2026-09-01T10:13:15.193000Z,/MAP_Eden/Eden_Main,/Game/GameModes/PortalWarsGameModeV2_BP.PortalWarsGameModeV2_BP_C,True,2026-09-01T10:13:20.157000Z,True,True,True,True,PortalWars2-backup-2026.09.01-10.22.32.log,,UNTESTED,UNTESTED
TYE-S079,WIN-SERVER-05,31780,2026-09-02T04:56:50.679000Z,2026-09-02T04:56:52.841000Z,2026-09-02T04:56:54.241000Z,/MAP_Creative_EmptySpace/EmptySpace_Main,/Game/GameModes/PortalWarsGameModeV2_BP.PortalWarsGameModeV2_BP_C,True,2026-09-02T04:57:37.788000Z,True,True,True,True,PortalWars2-backup-2026.09.02-08.31.13.log,TYE-CAP-05,0 in filtered export,0 in filtered export
TYE-S080,WIN-SERVER-21,30005,2026-09-02T05:10:32.027000Z,2026-09-02T05:10:34.176000Z,2026-09-02T05:10:35.768000Z,/MAP_Karman_Station/Karman_Station_Main,/Game/GameModes/PortalWarsGameModeV2_BP.PortalWarsGameModeV2_BP_C,False,,True,True,True,True,PortalWars2-backup-2026.09.02-08.31.13.log,TYE-CAP-05,0 in filtered export,0 in filtered export
TYE-S081,WIN-SERVER-22,31287,2026-09-02T05:19:57.924000Z,2026-09-02T05:20:00.080000Z,2026-09-02T05:20:01.838000Z,/MAP_Terra13/Terra13_Main,/Game/GameModes/PortalWarsGameModeV2_BP.PortalWarsGameModeV2_BP_C,False,,True,True,True,True,PortalWars2-backup-2026.09.02-08.31.13.log,TYE-CAP-05,0 in filtered export,0 in filtered export
TYE-S082,WIN-SERVER-16,32697,2026-09-02T05:29:39.297000Z,2026-09-02T05:29:41.496000Z,2026-09-02T05:29:42.925000Z,/MAP_Stadium/StadiumV2_Main,/Game/GameModes/PortalWarsGameModeV2_BP.PortalWarsGameModeV2_BP_C,False,,True,True,True,True,PortalWars2-backup-2026.09.02-08.31.13.log,TYE-CAP-05,0 in filtered export,0 in filtered export
TYE-S083,WIN-SERVER-23,31465,2026-09-02T05:36:53.193000Z,2026-09-02T05:36:55.341000Z,2026-09-02T05:36:56.683000Z,/MAP_Zenith/Zenith_Main,/Game/GameModes/PortalWarsGameModeV2_BP.PortalWarsGameModeV2_BP_C,False,,True,True,True,True,PortalWars2-backup-2026.09.02-08.31.13.log,TYE-CAP-05,0 in filtered export,0 in filtered export
TYE-S084,WIN-SERVER-22,31776,2026-09-02T05:44:50.944000Z,2026-09-02T05:44:53.142000Z,2026-09-02T05:44:54.789000Z,/MAP_Ozone_Night/Ozone_Night_Main,/Game/GameModes/PortalWarsGameModeV2_BP.PortalWarsGameModeV2_BP_C,False,,True,True,True,True,PortalWars2-backup-2026.09.02-08.31.13.log,TYE-CAP-05,0 in filtered export,0 in filtered export
TYE-S085,WIN-SERVER-01,32534,2026-09-02T05:53:39.023000Z,2026-09-02T05:53:41.189000Z,2026-09-02T05:53:42.624000Z,/MAP_Creative_WetOcean/WetOcean_Main,/Game/GameModes/PortalWarsGameModeV2_BP.PortalWarsGameModeV2_BP_C,True,2026-09-02T06:04:11.372000Z,True,True,True,True,PortalWars2-backup-2026.09.02-08.31.13.log,TYE-CAP-05,0 in filtered export,0 in filtered export
TYE-S086,WIN-SERVER-21,32066,2026-09-02T06:03:29.408000Z,2026-09-02T06:03:31.574000Z,2026-09-02T06:03:33.112000Z,/MAP_Academy/Academy_Main,/Game/GameModes/PortalWarsGameModeV2_BP.PortalWarsGameModeV2_BP_C,True,2026-09-02T06:04:11.372000Z,True,True,True,True,PortalWars2-backup-2026.09.02-08.31.13.log,TYE-CAP-05,0 in filtered export,0 in filtered export
TYE-S087,WIN-SERVER-24,31563,2026-09-02T06:12:09.728000Z,2026-09-02T06:12:11.927000Z,2026-09-02T06:12:13.496000Z,/MAP_Grit/Grit_Main,/Game/GameModes/PortalWarsGameModeV2_BP.PortalWarsGameModeV2_BP_C,False,,True,True,True,True,PortalWars2-backup-2026.09.02-08.31.13.log,TYE-CAP-05,0 in filtered export,0 in filtered export
TYE-S088,WIN-SERVER-14,30037,2026-09-02T06:21:23.545000Z,2026-09-02T06:21:25.694000Z,2026-09-02T06:21:27.277000Z,/MAP_Zenith/Zenith_Main,/Game/GameModes/PortalWarsGameModeV2_BP.PortalWarsGameModeV2_BP_C,False,,True,True,True,True,PortalWars2-backup-2026.09.02-08.31.13.log,TYE-CAP-05,0 in filtered export,0 in filtered export
TYE-S089,WIN-SERVER-24,30335,2026-09-02T06:31:52.166000Z,2026-09-02T06:31:54.332000Z,2026-09-02T06:31:55.882000Z,/MAP_Abyss/Maps/Abyss_Main,/Game/GameModes/PortalWarsGameModeV2_BP.PortalWarsGameModeV2_BP_C,True,2026-09-02T06:42:32.441000Z,True,True,True,True,PortalWars2-backup-2026.09.02-08.31.13.log,TYE-CAP-05,0 in filtered export,0 in filtered export
TYE-S090,WIN-SERVER-14,32146,2026-09-02T06:42:22.512000Z,2026-09-02T06:42:24.678000Z,2026-09-02T06:42:26.264000Z,/MAP_Academy/Academy_Main,/Game/GameModes/PortalWarsGameModeV2_BP.PortalWarsGameModeV2_BP_C,True,2026-09-02T06:42:32.441000Z,True,True,True,True,PortalWars2-backup-2026.09.02-08.31.13.log,TYE-CAP-05,0 in filtered export,0 in filtered export
TYE-S091,WIN-SERVER-05,32393,2026-09-02T06:56:35.171000Z,2026-09-02T06:56:37.320000Z,2026-09-02T06:56:38.745000Z,/MAP_Frontier/Frontier_Main,/Game/GameModes/PortalWarsGameModeV2_BP.PortalWarsGameModeV2_BP_C,False,,True,True,True,True,PortalWars2-backup-2026.09.02-08.31.13.log,TYE-CAP-05,0 in filtered export,0 in filtered export
TYE-S092,WIN-SERVER-05,31654,2026-09-02T07:07:46.552000Z,2026-09-02T07:07:48.701000Z,2026-09-02T07:07:50.180000Z,/MAP_Stadium/StadiumV2_Main,/Game/GameModes/PortalWarsGameModeV2_BP.PortalWarsGameModeV2_BP_C,False,,True,True,True,True,PortalWars2-backup-2026.09.02-08.31.13.log,,UNTESTED,UNTESTED
TYE-S093,WIN-SERVER-01,32234,2026-09-02T07:18:52.251000Z,2026-09-02T07:18:54.450000Z,2026-09-02T07:18:55.881000Z,/MAP_Creative_WetOcean/WetOcean_Main,/Game/GameModes/PortalWarsGameModeV2_BP.PortalWarsGameModeV2_BP_C,True,2026-09-02T07:28:03.251000Z,True,True,True,True,PortalWars2-backup-2026.09.02-08.31.13.log,,UNTESTED,UNTESTED
TYE-S094,WIN-SERVER-01,31082,2026-09-02T07:27:50.283000Z,2026-09-02T07:27:52.365000Z,2026-09-02T07:27:53.695000Z,/MAP_Foregone_Destruction/Maps/Foregone_Destruction,/Game/GameModes/PortalWarsGameModeV2_BP.PortalWarsGameModeV2_BP_C,True,2026-09-02T07:28:03.251000Z,True,True,True,True,PortalWars2-backup-2026.09.02-08.31.13.log,,UNTESTED,UNTESTED
TYE-S095,WIN-SERVER-01,32577,2026-09-02T07:34:36.212000Z,2026-09-02T07:34:38.360000Z,2026-09-02T07:34:39.682000Z,/MAP_Foregone_Destruction/Maps/Foregone_Destruction,/Game/GameModes/PortalWarsGameModeV2_BP.PortalWarsGameModeV2_BP_C,True,2026-09-02T07:34:46.033000Z,True,True,True,True,PortalWars2-backup-2026.09.02-08.31.13.log,,UNTESTED,UNTESTED
TYE-S096,WIN-SERVER-01,32686,2026-09-02T07:41:31.382000Z,2026-09-02T07:41:33.524000Z,2026-09-02T07:41:34.895000Z,/MAP_Karman_Station/Karman_Station_Main,/Game/GameModes/PortalWarsGameModeV2_BP.PortalWarsGameModeV2_BP_C,True,2026-09-02T07:41:42.329000Z,True,True,True,True,PortalWars2-backup-2026.09.02-08.31.13.log,,UNTESTED,UNTESTED
TYE-S097,WIN-SERVER-01,30965,2026-09-02T07:42:46.259000Z,2026-09-02T07:42:48.418000Z,2026-09-02T07:42:49.810000Z,/MAP_Karman_Station/Karman_Station_Main,/Game/GameModes/PortalWarsGameModeV2_BP.PortalWarsGameModeV2_BP_C,True,2026-09-02T07:42:55.367000Z,True,True,True,True,PortalWars2-backup-2026.09.02-08.31.13.log,,UNTESTED,UNTESTED
TYE-S098,WIN-SERVER-01,32592,2026-09-02T07:47:53.326000Z,2026-09-02T07:47:55.467000Z,2026-09-02T07:47:56.839000Z,/MAP_Karman_Station/Karman_Station_Main,/Game/GameModes/PortalWarsGameModeV2_BP.PortalWarsGameModeV2_BP_C,True,2026-09-02T07:48:03.741000Z,True,True,True,True,PortalWars2-backup-2026.09.02-08.31.13.log,,UNTESTED,UNTESTED
TYE-S099,WIN-SERVER-01,31363,2026-09-02T07:54:24.545000Z,2026-09-02T07:54:26.774000Z,2026-09-02T07:54:28.212000Z,/MAP_Oasis/Maps/Oasis_Main,/Game/GameModes/PortalWarsGameModeV2_BP.PortalWarsGameModeV2_BP_C,True,2026-09-02T08:02:24.367000Z,True,True,True,True,PortalWars2-backup-2026.09.02-08.31.13.log,,UNTESTED,UNTESTED
TYE-S100,WIN-SERVER-01,32760,2026-09-02T08:02:13.617000Z,2026-09-02T08:02:15.783000Z,2026-09-02T08:02:17.230000Z,/MAP_Runway/Runway_Main,/Game/GameModes/PortalWarsGameModeV2_BP.PortalWarsGameModeV2_BP_C,True,2026-09-02T08:02:24.367000Z,True,True,True,True,PortalWars2-backup-2026.09.02-08.31.13.log,,UNTESTED,UNTESTED
TYE-S101,WIN-SERVER-16,30337,2026-09-02T08:07:46.663000Z,2026-09-02T08:07:48.863000Z,2026-09-02T08:07:50.273000Z,/MAP_Glacier/MultiTeam_Glacier,/Game/GameModes/PortalWarsGameModeV2_BP.PortalWarsGameModeV2_BP_C,True,2026-09-02T08:08:31.722000Z,True,True,True,True,PortalWars2-backup-2026.09.02-08.31.13.log,,UNTESTED,UNTESTED
TYE-S102,WIN-SERVER-16,30275,2026-09-02T08:22:29.837000Z,2026-09-02T08:22:32.002000Z,2026-09-02T08:22:33.433000Z,/MAP_Oasis/Maps/Oasis_Main,/Game/GameModes/PortalWarsGameModeV2_BP.PortalWarsGameModeV2_BP_C,True,2026-09-02T08:22:39.501000Z,True,True,True,True,PortalWars2-backup-2026.09.02-08.31.13.log,,UNTESTED,UNTESTED
